48; 0.74; 0.24; -9.66; -0.37; 1.43; -0.47
73; 0.7; 0.19; -9.65; -0.63; 1.2; -0.5
99; 0.72; 0.23; -9.69; -0.56; 1.27; -0.42
131; 0.72; 0.23; -9.71; -0.43; 1.16; -0.44
156; 0.68; 0.23; -9.7; -0.55; 1.56; -0.47
182; 0.75; 0.21; -9.7; -0.53; 1.4; -0.37
207; 0.74; 0.22; -9.69; -0.66; 1.43; -0.51
233; 0.71; 0.21; -9.7; -0.64; 1.4; -0.24
259; 0.74; 0.23; -9.68; -0.5; 1.43; -0.4
285; 0.75; 0.25; -9.67; -0.63; 1.34; -0.63
311; 0.76; 0.24; -9.67; -0.45; 1.37; -0.43
336; 0.74; 0.24; -9.71; -0.53; 1.4; -0.49
362; 0.71; 0.24; -9.71; -0.59; 1.27; -0.43
388; 0.73; 0.18; -9.74; -0.5; 1.27; -0.54
413; 0.7; 0.25; -9.68; -0.76; 1.5; -0.5
439; 0.7; 0.22; -9.69; -0.66; 1.34; -0.47
471; 0.73; 0.19; -9.65; -0.69; 1.34; -0.43
496; 0.7; 0.21; -9.71; -0.65; 1.5; -0.43
522; 0.75; 0.22; -9.71; -0.42; 1.45; -0.57
547; 0.69; 0.19; -9.72; -0.56; 1.44; -0.57
573; 0.7; 0.21; -9.71; -0.66; 1.37; -0.43
599; 0.72; 0.21; -9.69; -0.63; 1.38; -0.44
624; 0.74; 0.18; -9.69; -0.54; 1.29; -0.49
650; 0.73; 0.19; -9.73; -0.51; 1.36; -0.48
675; 0.72; 0.18; -9.72; -0.56; 1.41; -0.52
702; 0.76; 0.26; -9.7; -0.64; 1.43; -0.54
728; 0.76; 0.22; -9.69; -0.51; 1.15; -0.56
753; 0.69; 0.19; -9.66; -0.51; 1.27; -0.58
779; 0.73; 0.23; -9.72; -0.64; 1.41; -0.5
811; 0.7; 0.22; -9.66; -0.61; 1.1; -0.47
836; 0.72; 0.25; -9.71; -0.41; 1.4; -0.51
862; 0.71; 0.22; -9.71; -0.54; 1.39; -0.5
887; 0.71; 0.18; -9.69; -0.47; 1.4; -0.55
914; 0.72; 0.21; -9.69; -0.57; 1.47; -0.49
940; 0.75; 0.23; -9.72; -0.63; 1.51; -0.43
965; 0.71; 0.21; -9.74; -0.67; 1.3; -0.56
991; 0.73; 0.23; -9.73; -0.56; 1.31; -0.53
1017; 0.71; 0.19; -9.71; -0.47; 1.31; -0.51
1043; 0.72; 0.27; -9.72; -0.5; 1.31; -0.51
1069; 0.75; 0.23; -9.69; -0.36; 1.35; -0.6
1095; 0.73; 0.2; -9.66; -0.63; 1.5; -0.33
1121; 0.71; 0.17; -9.69; -0.53; 1.37; -0.49
1153; 0.71; 0.21; -9.71; -0.4; 1.5; -0.5
1178; 0.72; 0.2; -9.66; -0.69; 1.37; -0.6
1204; 0.74; 0.22; -9.68; -0.63; 1.33; -0.42
1230; 0.74; 0.19; -9.69; -0.56; 1.34; -0.45
1256; 0.77; 0.19; -9.7; -0.49; 1.44; -0.36
1297; 0.73; 0.22; -9.72; -0.34; 1.31; -0.62
1324; 0.75; 0.22; -9.68; -0.43; 1.45; -0.53
1349; 0.74; 0.19; -9.69; -0.63; 1.36; -0.48
1375; 0.72; 0.2; -9.7; -0.56; 1.27; -0.5
1400; 0.77; 0.21; -9.67; -0.72; 1.5; -0.46
1426; 0.73; 0.23; -9.69; -0.56; 1.38; -0.62
1453; 0.74; 0.23; -9.7; -0.53; 1.46; -0.37
1478; 0.74; 0.23; -9.67; -0.45; 1.43; -0.5
1510; 0.74; 0.23; -9.68; -0.65; 1.35; -0.51
1536; 0.71; 0.21; -9.7; -0.56; 1.31; -0.42
1561; 0.76; 0.22; -9.7; -0.49; 1.4; -0.56
1588; 0.74; 0.21; -9.66; -0.56; 1.3; -0.43
1613; 0.72; 0.2; -9.71; -0.63; 1.37; -0.34
1639; 0.73; 0.18; -9.7; -0.64; 1.56; -0.43
1665; 0.74; 0.23; -9.68; -0.57; 1.27; -0.6
1690; 0.72; 0.2; -9.71; -0.73; 1.29; -0.47
1716; 0.75; 0.25; -9.7; -0.53; 1.3; -0.46
1742; 0.71; 0.22; -9.69; -0.65; 1.38; -0.54
1768; 0.71; 0.2; -9.7; -0.53; 1.3; -0.5
1794; 0.73; 0.24; -9.68; -0.6; 1.38; -0.47
1819; 0.74; 0.24; -9.68; -0.48; 1.48; -0.45
1851; 0.7; 0.21; -9.66; -0.46; 1.4; -0.44
1876; 0.72; 0.23; -9.71; -0.57; 1.4; -0.39
1902; 0.69; 0.2; -9.69; -0.56; 1.23; -0.67
1928; 0.72; 0.22; -9.71; -0.49; 1.32; -0.47
1954; 0.76; 0.22; -9.68; -0.47; 1.27; -0.47
1980; 0.72; 0.22; -9.68; -0.59; 1.33; -0.47
2006; 0.73; 0.23; -9.71; -0.49; 1.43; -0.41
2031; 0.73; 0.24; -9.69; -0.71; 1.44; -0.47
2057; 0.73; 0.23; -9.71; -0.5; 1.34; -0.61
2083; 0.72; 0.24; -9.68; -0.52; 1.32; -0.53
2109; 0.7; 0.21; -9.69; -0.72; 1.37; -0.38
2135; 0.7; 0.21; -9.7; -0.54; 1.43; -0.42
2160; 0.75; 0.24; -9.71; -0.42; 1.29; -0.42
2192; 0.72; 0.23; -9.7; -0.7; 1.37; -0.59
2217; 0.7; 0.21; -9.67; -0.76; 1.44; -0.5
2244; 0.77; 0.25; -9.68; -0.55; 1.37; -0.48
2270; 0.71; 0.23; -9.73; -0.41; 1.43; -0.5
2295; 0.7; 0.17; -9.69; -0.48; 1.33; -0.55
2321; 0.7; 0.24; -9.74; -0.63; 1.38; -0.4
2348; 0.75; 0.26; -9.71; -0.53; 1.5; -0.45
2373; 0.76; 0.23; -9.73; -0.57; 1.33; -0.5
2399; 0.69; 0.2; -9.69; -0.59; 1.39; -0.56
2425; 0.73; 0.21; -9.67; -0.65; 1.24; -0.44
2451; 0.73; 0.24; -9.73; -0.56; 1.3; -0.38
2477; 0.73; 0.21; -9.67; -0.56; 1.52; -0.58
2503; 0.76; 0.23; -9.71; -0.6; 1.38; -0.51
2535; 0.72; 0.2; -9.71; -0.56; 1.34; -0.5
2561; 0.72; 0.2; -9.69; -0.6; 1.53; -0.44
2586; 0.73; 0.18; -9.69; -0.58; 1.26; -0.57
2612; 0.71; 0.23; -9.69; -0.49; 1.27; -0.58
2638; 0.71; 0.17; -9.73; -0.6; 1.42; -0.55
2664; 0.72; 0.23; -9.66; -0.56; 1.37; -0.53
2690; 0.72; 0.21; -9.66; -0.79; 1.27; -0.52
2715; 0.72; 0.24; -9.72; -0.43; 1.43; -0.49
2741; 0.7; 0.2; -9.71; -0.63; 1.38; -0.43
2766; 0.75; 0.2; -9.65; -0.54; 1.31; -0.56
2792; 0.71; 0.24; -9.69; -0.53; 1.43; -0.38
2819; 0.71; 0.22; -9.73; -0.64; 1.45; -0.57
2850; 0.73; 0.22; -9.68; -0.63; 1.43; -0.41
2876; 0.76; 0.22; -9.7; -0.63; 1.47; -0.31
2902; 0.71; 0.19; -9.71; -0.52; 1.3; -0.56
2937; 0.76; 0.23; -9.69; -0.66; 1.43; -0.47
2963; 0.71; 0.25; -9.68; -0.61; 1.55; -0.56
2989; 0.7; 0.2; -9.72; -0.52; 1.34; -0.62
3015; 0.7; 0.2; -9.73; -0.62; 1.34; -0.47
3041; 0.76; 0.24; -9.68; -0.43; 1.39; -0.5
3066; 0.75; 0.24; -9.69; -0.56; 1.43; -0.43
3092; 0.72; 0.19; -9.73; -0.4; 1.46; -0.6
3119; 0.71; 0.19; -9.71; -0.66; 1.32; -0.47
3144; 0.7; 0.26; -9.7; -0.46; 1.33; -0.49
3170; 0.73; 0.26; -9.66; -0.56; 1.33; -0.43
3202; 0.74; 0.19; -9.73; -0.52; 1.37; -0.59
3227; 0.75; 0.24; -9.69; -0.55; 1.35; -0.29
3253; 0.74; 0.25; -9.67; -0.47; 1.37; -0.43
3278; 0.75; 0.25; -9.71; -0.54; 1.29; -0.34
3305; 0.75; 0.2; -9.68; -0.61; 1.39; -0.52
3331; 0.71; 0.21; -9.75; -0.59; 1.42; -0.52
3356; 0.71; 0.18; -9.72; -0.6; 1.44; -0.48
3382; 0.74; 0.2; -9.69; -0.61; 1.32; -0.63
3407; 0.74; 0.23; -9.69; -0.61; 1.56; -0.47
3433; 0.77; 0.25; -9.72; -0.54; 1.48; -0.54
3460; 0.73; 0.17; -9.71; -0.58; 1.37; -0.48
3485; 0.72; 0.25; -9.71; -0.4; 1.46; -0.47
3511; 0.72; 0.2; -9.69; -0.47; 1.5; -0.58
3543; 0.73; 0.21; -9.68; -0.69; 1.14; -0.45
3568; 0.75; 0.18; -9.72; -0.56; 1.42; -0.36
3595; 0.72; 0.23; -9.69; -0.4; 1.39; -0.53
3621; 0.71; 0.23; -9.67; -0.52; 1.28; -0.58
3647; 0.74; 0.22; -9.68; -0.64; 1.32; -0.58
3674; 0.74; 0.18; -9.64; -0.6; 1.42; -0.46
3699; 0.71; 0.23; -9.69; -0.53; 1.29; -0.4
3726; 0.7; 0.17; -9.68; -0.49; 1.39; -0.46
3751; 0.73; 0.21; -9.69; -0.4; 1.32; -0.47
3778; 0.74; 0.25; -9.69; -0.66; 1.38; -0.48
3804; 0.73; 0.2; -9.7; -0.59; 1.5; -0.57
3830; 0.74; 0.2; -9.7; -0.6; 1.46; -0.61
3856; 0.74; 0.22; -9.69; -0.68; 1.33; -0.54
3889; 0.74; 0.2; -9.73; -0.52; 1.36; -0.63
3914; 0.72; 0.23; -9.68; -0.5; 1.33; -0.55
3940; 0.71; 0.24; -9.7; -0.57; 1.46; -0.43
3966; 0.72; 0.21; -9.72; -0.5; 1.24; -0.49
3992; 0.69; 0.23; -9.64; -0.51; 1.46; -0.4
4018; 0.74; 0.24; -9.7; -0.5; 1.38; -0.54
4044; 0.76; 0.24; -9.69; -0.47; 1.54; -0.6
4070; 0.71; 0.22; -9.73; -0.53; 1.41; -0.45
4097; 0.74; 0.22; -9.72; -0.66; 1.32; -0.45
4122; 0.73; 0.22; -9.72; -0.5; 1.24; -0.51
4148; 0.74; 0.23; -9.7; -0.57; 1.4; -0.57
4174; 0.72; 0.24; -9.7; -0.54; 1.23; -0.4
4200; 0.71; 0.23; -9.72; -0.69; 1.17; -0.5
4232; 0.76; 0.23; -9.68; -0.44; 1.24; -0.46
4258; 0.73; 0.22; -9.66; -0.56; 1.34; -0.51
4300; 0.74; 0.19; -9.67; -0.41; 1.39; -0.57
4326; 0.75; 0.18; -9.67; -0.57; 1.36; -0.57
4352; 0.72; 0.23; -9.7; -0.61; 1.41; -0.4
4378; 0.76; 0.22; -9.69; -0.61; 1.44; -0.43
4404; 0.76; 0.22; -9.72; -0.52; 1.36; -0.5
4430; 0.76; 0.23; -9.73; -0.53; 1.36; -0.5
4456; 0.75; 0.19; -9.69; -0.52; 1.19; -0.56
4482; 0.71; 0.21; -9.69; -0.54; 1.39; -0.43
4508; 0.72; 0.24; -9.68; -0.74; 1.33; -0.57
4534; 0.76; 0.22; -9.67; -0.47; 1.24; -0.53
4566; 0.72; 0.2; -9.7; -0.51; 1.35; -0.46
4591; 0.72; 0.19; -9.7; -0.49; 1.4; -0.52
4618; 0.75; 0.22; -9.7; -0.58; 1.34; -0.57
4643; 0.72; 0.21; -9.7; -0.61; 1.35; -0.67
4669; 0.73; 0.23; -9.69; -0.6; 1.38; -0.37
4696; 0.7; 0.21; -9.72; -0.66; 1.43; -0.56
4721; 0.73; 0.22; -9.7; -0.52; 1.25; -0.56
4747; 0.7; 0.25; -9.71; -0.59; 1.27; -0.5
4773; 0.73; 0.22; -9.7; -0.56; 1.56; -0.43
4799; 0.76; 0.23; -9.69; -0.79; 1.23; -0.4
4825; 0.72; 0.22; -9.7; -0.42; 1.43; -0.48
4851; 0.75; 0.23; -9.7; -0.54; 1.32; -0.57
4877; 0.72; 0.17; -9.71; -0.56; 1.4; -0.49
4909; 0.75; 0.21; -9.71; -0.53; 1.3; -0.65
4935; 0.77; 0.23; -9.69; -0.42; 1.47; -0.41
4961; 0.72; 0.21; -9.7; -0.57; 1.43; -0.6
4986; 0.73; 0.2; -9.69; -0.61; 1.35; -0.34
5013; 0.72; 0.22; -9.68; -0.59; 1.28; -0.38
5039; 0.71; 0.23; -9.7; -0.51; 1.5; -0.46
5065; 0.73; 0.23; -9.72; -0.58; 1.41; -0.56
5091; 0.72; 0.22; -9.67; -0.44; 1.24; -0.45
5117; 0.69; 0.23; -9.73; -0.63; 1.43; -0.61
5143; 0.7; 0.22; -9.73; -0.49; 1.31; -0.55
5170; 0.74; 0.19; -9.71; -0.66; 1.21; -0.47
5195; 0.72; 0.27; -9.69; -0.54; 1.43; -0.61
5222; 0.69; 0.22; -9.67; -0.48; 1.24; -0.4
5254; 0.71; 0.24; -9.7; -0.51; 1.3; -0.56
5279; 0.71; 0.22; -9.69; -0.44; 1.37; -0.45
5306; 0.75; 0.23; -9.73; -0.66; 1.4; -0.61
5331; 0.72; 0.22; -9.67; -0.74; 1.16; -0.5
5357; 0.72; 0.2; -9.7; -0.6; 1.41; -0.58
5383; 0.75; 0.21; -9.71; -0.5; 1.31; -0.5
5409; 0.72; 0.21; -9.71; -0.53; 1.27; -0.45
5435; 0.72; 0.25; -9.67; -0.56; 1.27; -0.58
5460; 0.73; 0.25; -9.7; -0.6; 1.43; -0.52
5487; 0.69; 0.24; -9.7; -0.63; 1.3; -0.4
5513; 0.69; 0.21; -9.69; -0.56; 1.43; -0.53
5538; 0.78; 0.26; -9.66; -0.63; 1.37; -0.56
5565; 0.74; 0.23; -9.68; -0.57; 1.39; -0.45
5597; 0.77; 0.22; -9.68; -0.58; 1.53; -0.58
5622; 0.68; 0.21; -9.73; -0.48; 1.35; -0.46
5648; 0.75; 0.22; -9.7; -0.7; 1.43; -0.57
5673; 0.7; 0.22; -9.71; -0.64; 1.35; -0.51
5700; 0.73; 0.22; -9.68; -0.48; 1.4; -0.43
5726; 0.73; 0.21; -9.69; -0.31; 1.44; -0.5
5751; 0.73; 0.23; -9.69; -0.51; 1.36; -0.46
5777; 0.73; 0.23; -9.69; -0.56; 1.4; -0.5
5804; 0.71; 0.23; -9.72; -0.64; 1.32; -0.53
5829; 0.76; 0.23; -9.68; -0.6; 1.22; -0.53
5855; 0.77; 0.19; -9.69; -0.6; 1.49; -0.45
5881; 0.71; 0.19; -9.71; -0.54; 1.32; -0.44
5907; 0.74; 0.21; -9.71; -0.57; 1.23; -0.55
5939; 0.69; 0.16; -9.66; -0.72; 1.34; -0.52
5964; 0.74; 0.21; -9.68; -0.53; 1.27; -0.5
5990; 0.76; 0.25; -9.7; -0.5; 1.4; -0.55
6017; 0.74; 0.23; -9.69; -0.48; 1.23; -0.48
6042; 0.75; 0.19; -9.69; -0.73; 1.37; -0.48
6068; 0.69; 0.2; -9.69; -0.6; 1.27; -0.51
6094; 0.72; 0.25; -9.72; -0.56; 1.28; -0.45
6129; 0.72; 0.24; -9.7; -0.53; 1.25; -0.47
6156; 0.72; 0.17; -9.73; -0.7; 1.39; -0.53
6181; 0.75; 0.23; -9.67; -0.52; 1.22; -0.43
6208; 0.77; 0.17; -9.72; -0.69; 1.32; -0.5
6234; 0.68; 0.23; -9.7; -0.46; 1.29; -0.3
6265; 0.73; 0.25; -9.68; -0.52; 1.36; -0.41
6291; 0.71; 0.22; -9.73; -0.47; 1.27; -0.37
6318; 0.73; 0.22; -9.72; -0.59; 1.39; -0.53
6343; 0.69; 0.26; -9.68; -0.62; 1.34; -0.47
6370; 0.72; 0.23; -9.68; -0.37; 1.39; -0.43
6395; 0.73; 0.22; -9.67; -0.61; 1.32; -0.64
6421; 0.75; 0.25; -9.69; -0.5; 1.33; -0.47
6448; 0.73; 0.21; -9.69; -0.54; 1.42; -0.51
6473; 0.72; 0.21; -9.71; -0.56; 1.15; -0.46
6500; 0.75; 0.25; -9.75; -0.61; 1.45; -0.47
6525; 0.73; 0.22; -9.69; -0.69; 1.34; -0.39
6552; 0.72; 0.21; -9.7; -0.32; 1.38; -0.31
6578; 0.74; 0.26; -9.73; -0.67; 1.31; -0.53
6609; 0.75; 0.2; -9.69; -0.62; 1.53; -0.53
6636; 0.74; 0.25; -9.67; -0.36; 1.44; -0.56
6662; 0.74; 0.22; -9.68; -0.51; 1.27; -0.44
6687; 0.72; 0.19; -9.69; -0.47; 1.29; -0.45
6713; 0.76; 0.17; -9.67; -0.79; 1.52; -0.56
6739; 0.72; 0.21; -9.68; -0.64; 1.52; -0.43
6765; 0.75; 0.23; -9.72; -0.57; 1.42; -0.45
6791; 0.75; 0.21; -9.67; -0.55; 1.27; -0.47
6817; 0.71; 0.24; -9.7; -0.43; 1.37; -0.42
6843; 0.72; 0.23; -9.69; -0.58; 1.41; -0.51
6868; 0.71; 0.21; -9.7; -0.55; 1.32; -0.31
6894; 0.72; 0.18; -9.68; -0.43; 1.4; -0.55
6921; 0.73; 0.19; -9.68; -0.45; 1.47; -0.51
6952; 0.72; 0.21; -9.7; -0.61; 1.34; -0.42
6978; 0.73; 0.23; -9.69; -0.6; 1.39; -0.42
7004; 0.69; 0.25; -9.7; -0.6; 1.4; -0.43
7029; 0.74; 0.23; -9.7; -0.66; 1.52; -0.4
7056; 0.71; 0.24; -9.72; -0.53; 1.47; -0.39
7081; 0.77; 0.19; -9.72; -0.48; 1.4; -0.39
7107; 0.72; 0.24; -9.68; -0.61; 1.38; -0.62
7133; 0.74; 0.26; -9.68; -0.66; 1.43; -0.44
7159; 0.7; 0.23; -9.7; -0.53; 1.56; -0.49
7185; 0.72; 0.24; -9.66; -0.36; 1.36; -0.63
7211; 0.75; 0.23; -9.67; -0.66; 1.4; -0.44
7236; 0.7; 0.23; -9.73; -0.76; 1.24; -0.42
7263; 0.67; 0.23; -9.7; -0.62; 1.35; -0.39
7310; 0.72; 0.2; -9.67; -0.63; 1.16; -0.27
7336; 0.75; 0.23; -9.68; -0.46; 1.36; -0.53
7362; 0.71; 0.21; -9.72; -0.66; 1.43; -0.48
7388; 0.7; 0.2; -9.67; -0.79; 1.3; -0.55
7414; 0.7; 0.19; -9.67; -0.5; 1.25; -0.43
7440; 0.71; 0.21; -9.71; -0.63; 1.43; -0.43
7465; 0.72; 0.21; -9.69; -0.54; 1.43; -0.52
7491; 0.72; 0.2; -9.68; -0.6; 1.32; -0.48
7518; 0.76; 0.24; -9.73; -0.58; 1.42; -0.6
7543; 0.72; 0.21; -9.72; -0.54; 1.45; -0.53
7569; 0.71; 0.24; -9.7; -0.5; 1.37; -0.52
7595; 0.75; 0.25; -9.69; -0.63; 1.29; -0.62
7621; 0.75; 0.2; -9.71; -0.65; 1.37; -0.45
7653; 0.74; 0.22; -9.67; -0.5; 1.37; -0.6
7678; 0.75; 0.23; -9.7; -0.63; 1.27; -0.43
7704; 0.74; 0.22; -9.67; -0.54; 1.23; -0.45
7731; 0.73; 0.22; -9.67; -0.58; 1.35; -0.49
7756; 0.72; 0.19; -9.73; -0.6; 1.36; -0.49
7783; 0.74; 0.18; -9.71; -0.55; 1.21; -0.53
7809; 0.73; 0.24; -9.69; -0.76; 1.42; -0.38
7834; 0.74; 0.23; -9.75; -0.56; 1.37; -0.43
7861; 0.71; 0.21; -9.7; -0.56; 1.34; -0.56
7886; 0.69; 0.2; -9.68; -0.53; 1.4; -0.47
7913; 0.7; 0.21; -9.73; -0.47; 1.42; -0.46
7939; 0.72; 0.18; -9.73; -0.56; 1.45; -0.55
7970; 0.71; 0.24; -9.69; -0.55; 1.43; -0.49
7997; 0.74; 0.22; -9.68; -0.6; 1.24; -0.48
8023; 0.71; 0.22; -9.67; -0.57; 1.42; -0.52
8048; 0.73; 0.19; -9.69; -0.42; 1.22; -0.41
8074; 0.75; 0.24; -9.73; -0.69; 1.26; -0.43
8099; 0.71; 0.24; -9.72; -0.61; 1.43; -0.38
8126; 0.73; 0.2; -9.68; -0.4; 1.28; -0.46
8152; 0.71; 0.23; -9.67; -0.6; 1.27; -0.54
8177; 0.73; 0.17; -9.73; -0.57; 1.33; -0.43
8203; 0.77; 0.25; -9.67; -0.67; 1.37; -0.48
8229; 0.73; 0.21; -9.71; -0.58; 1.26; -0.47
8255; 0.76; 0.21; -9.69; -0.63; 1.3; -0.43
8281; 0.75; 0.19; -9.69; -0.4; 1.3; -0.37
8312; 0.69; 0.2; -9.69; -0.58; 1.34; -0.37
8338; 0.73; 0.18; -9.71; -0.56; 1.27; -0.48
8365; 0.72; 0.24; -9.69; -0.56; 1.4; -0.45
8390; 0.7; 0.22; -9.72; -0.42; 1.47; -0.47
8416; 0.75; 0.21; -9.71; -0.52; 1.3; -0.34
8441; 0.75; 0.2; -9.7; -0.61; 1.24; -0.36
8468; 0.76; 0.22; -9.67; -0.63; 1.3; -0.29
8494; 0.75; 0.23; -9.73; -0.53; 1.45; -0.42
8519; 0.72; 0.23; -9.72; -0.56; 1.14; -0.5
8545; 0.73; 0.19; -9.69; -0.54; 1.46; -0.5
8570; 0.72; 0.2; -9.67; -0.69; 1.24; -0.49
8597; 0.71; 0.15; -9.69; -0.57; 1.33; -0.43
8623; 0.74; 0.21; -9.71; -0.46; 1.29; -0.52
8654; 0.75; 0.19; -9.7; -0.71; 1.4; -0.49
8680; 0.77; 0.21; -9.66; -0.46; 1.32; -0.4
8706; 0.77; 0.17; -9.72; -0.54; 1.52; -0.38
8731; 0.75; 0.24; -9.71; -0.53; 1.31; -0.59
8758; 0.72; 0.21; -9.69; -0.54; 1.22; -0.53
8783; 0.76; 0.22; -9.69; -0.64; 1.42; -0.4
8809; 0.72; 0.19; -9.68; -0.51; 1.45; -0.56
8835; 0.75; 0.21; -9.7; -0.64; 1.33; -0.56
8860; 0.72; 0.23; -9.69; -0.46; 1.35; -0.62
8887; 0.68; 0.2; -9.7; -0.61; 1.35; -0.37
8912; 0.74; 0.22; -9.68; -0.63; 1.46; -0.4
8938; 0.74; 0.22; -9.69; -0.53; 1.3; -0.5
8964; 0.7; 0.23; -9.66; -0.68; 1.35; -0.52
8995; 0.73; 0.22; -9.67; -0.74; 1.32; -0.48
9022; 0.76; 0.21; -9.67; -0.56; 1.45; -0.31
9048; 0.72; 0.19; -9.72; -0.49; 1.3; -0.43
9073; 0.74; 0.23; -9.69; -0.5; 1.42; -0.43
9100; 0.7; 0.18; -9.69; -0.48; 1.32; -0.43
9125; 0.74; 0.19; -9.73; -0.58; 1.42; -0.6
9151; 0.75; 0.23; -9.7; -0.63; 1.4; -0.53
9178; 0.7; 0.17; -9.72; -0.63; 1.39; -0.58
9203; 0.74; 0.22; -9.72; -0.52; 1.27; -0.46
9229; 0.73; 0.21; -9.7; -0.43; 1.54; -0.69
9255; 0.7; 0.21; -9.67; -0.56; 1.21; -0.53
9281; 0.73; 0.23; -9.68; -0.47; 1.31; -0.61
9317; 0.74; 0.19; -9.7; -0.53; 1.4; -0.56
9350; 0.73; 0.22; -9.7; -0.62; 1.4; -0.47
9375; 0.73; 0.21; -9.68; -0.71; 1.38; -0.41
9401; 0.74; 0.24; -9.68; -0.56; 1.27; -0.44
9426; 0.74; 0.21; -9.68; -0.64; 1.41; -0.4
9453; 0.72; 0.2; -9.66; -0.67; 1.33; -0.43
9479; 0.7; 0.25; -9.69; -0.47; 1.26; -0.39
9504; 0.75; 0.23; -9.7; -0.66; 1.32; -0.34
9530; 0.72; 0.28; -9.65; -0.58; 1.32; -0.49
9556; 0.75; 0.22; -9.73; -0.66; 1.43; -0.5
9582; 0.7; 0.23; -9.75; -0.57; 1.38; -0.41
9608; 0.74; 0.24; -9.71; -0.38; 1.32; -0.62
9633; 0.72; 0.21; -9.71; -0.5; 1.63; -0.47
9665; 0.72; 0.2; -9.72; -0.54; 1.25; -0.4
9691; 0.76; 0.22; -9.66; -0.61; 1.33; -0.5
9717; 0.74; 0.23; -9.72; -0.45; 1.31; -0.53
9743; 0.74; 0.19; -9.73; -0.6; 1.46; -0.49
9768; 0.71; 0.22; -9.67; -0.55; 1.39; -0.5
9794; 0.74; 0.24; -9.68; -0.55; 1.14; -0.45
9820; 0.74; 0.19; -9.72; -0.56; 1.3; -0.46
9846; 0.74; 0.19; -9.7; -0.65; 1.41; -0.61
9872; 0.72; 0.26; -9.72; -0.48; 1.53; -0.37
9897; 0.73; 0.23; -9.68; -0.52; 1.31; -0.51
9923; 0.73; 0.22; -9.7; -0.53; 1.23; -0.62
9950; 0.74; 0.22; -9.7; -0.43; 1.31; -0.38
9975; 0.74; 0.2; -9.72; -0.56; 1.44; -0.43
10007; 0.72; 0.22; -9.69; -0.55; 1.5; -0.41
10033; 0.72; 0.22; -9.71; -0.55; 1.28; -0.47
10059; 0.75; 0.2; -9.69; -0.65; 1.23; -0.39
10085; 0.69; 0.24; -9.71; -0.49; 1.34; -0.55
10110; 0.73; 0.23; -9.7; -0.69; 1.18; -0.52
10137; 0.73; 0.2; -9.69; -0.62; 1.37; -0.37
10163; 0.75; 0.17; -9.71; -0.77; 1.35; -0.35
10188; 0.71; 0.21; -9.67; -0.44; 1.5; -0.47
10215; 0.69; 0.2; -9.69; -0.64; 1.45; -0.59
10241; 0.72; 0.2; -9.69; -0.46; 1.4; -0.36
10266; 0.74; 0.19; -9.69; -0.56; 1.34; -0.47
10308; 0.75; 0.21; -9.69; -0.61; 1.34; -0.38
10334; 0.73; 0.19; -9.68; -0.71; 1.43; -0.25
10366; 0.71; 0.21; -9.72; -0.73; 1.11; -0.31
10392; 0.73; 0.24; -9.66; -0.7; 1.3; -0.49
10419; 0.72; 0.21; -9.69; -0.59; 1.38; -0.42
10444; 0.74; 0.26; -9.67; -0.57; 1.35; -0.57
10471; 0.72; 0.23; -9.73; -0.43; 1.39; -0.37
10497; 0.78; 0.22; -9.67; -0.63; 1.53; -0.51
10523; 0.72; 0.21; -9.67; -0.53; 1.3; -0.47
10549; 0.72; 0.2; -9.7; -0.5; 1.43; -0.57
10575; 0.74; 0.19; -9.7; -0.56; 1.36; -0.48
10601; 0.76; 0.25; -9.71; -0.47; 1.48; -0.67
10628; 0.74; 0.21; -9.68; -0.68; 1.44; -0.56
10653; 0.76; 0.23; -9.72; -0.67; 1.33; -0.43
10686; 0.75; 0.25; -9.71; -0.56; 1.43; -0.45
10712; 0.71; 0.23; -9.7; -0.76; 1.4; -0.47
10737; 0.75; 0.23; -9.67; -0.71; 1.26; -0.44
10764; 0.71; 0.23; -9.67; -0.59; 1.4; -0.49
10789; 0.71; 0.22; -9.71; -0.55; 1.24; -0.44
10815; 0.77; 0.24; -9.72; -0.48; 1.4; -0.49
10842; 0.72; 0.22; -9.69; -0.4; 1.38; -0.51
10867; 0.71; 0.2; -9.7; -0.65; 1.41; -0.47
10893; 0.73; 0.19; -9.7; -0.51; 1.41; -0.5
10919; 0.74; 0.23; -9.7; -0.5; 1.43; -0.4
10945; 0.75; 0.22; -9.7; -0.52; 1.33; -0.43
10971; 0.72; 0.17; -9.69; -0.62; 1.29; -0.57
10997; 0.7; 0.23; -9.72; -0.62; 1.24; -0.53
11029; 0.72; 0.22; -9.68; -0.58; 1.26; -0.52
11055; 0.72; 0.18; -9.73; -0.68; 1.43; -0.6
11081; 0.71; 0.24; -9.68; -0.6; 1.35; -0.38
11107; 0.76; 0.17; -9.68; -0.52; 1.54; -0.47
11132; 0.71; 0.2; -9.7; -0.52; 1.34; -0.47
11159; 0.71; 0.18; -9.76; -0.63; 1.25; -0.38
11185; 0.74; 0.22; -9.67; -0.68; 1.37; -0.49
11210; 0.78; 0.21; -9.71; -0.48; 1.25; -0.57
11237; 0.78; 0.21; -9.68; -0.47; 1.31; -0.47
11262; 0.73; 0.23; -9.67; -0.59; 1.27; -0.51
11288; 0.73; 0.2; -9.71; -0.74; 1.29; -0.47
11314; 0.73; 0.23; -9.73; -0.6; 1.4; -0.49
11346; 0.73; 0.25; -9.69; -0.4; 1.43; -0.46
11372; 0.72; 0.23; -9.68; -0.52; 1.5; -0.41
11398; 0.73; 0.22; -9.72; -0.56; 1.36; -0.3
11424; 0.71; 0.22; -9.69; -0.54; 1.34; -0.4
11450; 0.73; 0.2; -9.7; -0.57; 1.27; -0.56
11475; 0.71; 0.2; -9.7; -0.43; 1.46; -0.37
11502; 0.77; 0.22; -9.68; -0.63; 1.48; -0.4
11528; 0.72; 0.2; -9.74; -0.6; 1.19; -0.64
11553; 0.76; 0.23; -9.72; -0.6; 1.46; -0.48
11580; 0.73; 0.22; -9.7; -0.73; 1.41; -0.47
11606; 0.72; 0.17; -9.68; -0.44; 1.39; -0.56
11631; 0.7; 0.18; -9.69; -0.55; 1.49; -0.54
11658; 0.74; 0.19; -9.71; -0.53; 1.29; -0.43
11689; 0.76; 0.21; -9.69; -0.62; 1.44; -0.5
11715; 0.72; 0.19; -9.72; -0.5; 1.25; -0.55
11742; 0.76; 0.22; -9.71; -0.59; 1.34; -0.48
11767; 0.73; 0.19; -9.64; -0.46; 1.39; -0.52
11794; 0.76; 0.22; -9.7; -0.63; 1.33; -0.47
11820; 0.72; 0.21; -9.69; -0.58; 1.35; -0.54
11846; 0.75; 0.2; -9.68; -0.55; 1.59; -0.51
11872; 0.72; 0.21; -9.67; -0.49; 1.37; -0.45
11898; 0.72; 0.22; -9.7; -0.72; 1.4; -0.41
11924; 0.71; 0.19; -9.7; -0.53; 1.32; -0.45
11950; 0.73; 0.21; -9.67; -0.67; 1.4; -0.49
11976; 0.7; 0.23; -9.7; -0.58; 1.49; -0.42
12008; 0.71; 0.23; -9.69; -0.5; 1.37; -0.34
12035; 0.71; 0.2; -9.73; -0.56; 1.34; -0.56
12060; 0.71; 0.24; -9.66; -0.55; 1.4; -0.4
12086; 0.74; 0.19; -9.73; -0.62; 1.43; -0.41
12112; 0.73; 0.22; -9.69; -0.41; 1.22; -0.47
12138; 0.71; 0.18; -9.71; -0.5; 1.39; -0.47
12164; 0.75; 0.25; -9.7; -0.57; 1.22; -0.63
12189; 0.68; 0.22; -9.73; -0.54; 1.36; -0.56
12216; 0.74; 0.2; -9.71; -0.6; 1.37; -0.56
12241; 0.7; 0.21; -9.67; -0.63; 1.29; -0.43
12267; 0.74; 0.21; -9.65; -0.6; 1.46; -0.38
12294; 0.73; 0.23; -9.7; -0.57; 1.4; -0.37
12319; 0.72; 0.2; -9.69; -0.59; 1.25; -0.5
12351; 0.72; 0.24; -9.71; -0.63; 1.43; -0.57
12377; 0.72; 0.25; -9.67; -0.58; 1.37; -0.43
12403; 0.73; 0.25; -9.67; -0.58; 1.33; -0.48
12429; 0.76; 0.23; -9.7; -0.59; 1.37; -0.49
12454; 0.72; 0.21; -9.73; -0.52; 1.25; -0.39
12481; 0.74; 0.24; -9.69; -0.59; 1.3; -0.47
12517; 0.75; 0.2; -9.69; -0.51; 1.38; -0.57
12542; 0.73; 0.2; -9.69; -0.45; 1.46; -0.41
12569; 0.74; 0.23; -9.73; -0.5; 1.28; -0.5
12595; 0.75; 0.24; -9.68; -0.56; 1.4; -0.53
12620; 0.74; 0.2; -9.72; -0.37; 1.19; -0.37
12647; 0.7; 0.2; -9.73; -0.63; 1.37; -0.55
12679; 0.75; 0.23; -9.69; -0.45; 1.38; -0.65
12704; 0.76; 0.23; -9.69; -0.63; 1.25; -0.43
12730; 0.74; 0.22; -9.69; -0.6; 1.5; -0.47
12756; 0.71; 0.2; -9.69; -0.59; 1.36; -0.47
12782; 0.72; 0.26; -9.7; -0.5; 1.37; -0.49
12808; 0.69; 0.23; -9.73; -0.65; 1.56; -0.5
12834; 0.73; 0.25; -9.69; -0.68; 1.4; -0.49
12860; 0.73; 0.22; -9.7; -0.38; 1.34; -0.46
12886; 0.69; 0.22; -9.68; -0.66; 1.36; -0.27
12912; 0.74; 0.2; -9.7; -0.49; 1.3; -0.5
12938; 0.74; 0.2; -9.7; -0.59; 1.42; -0.56
12963; 0.74; 0.24; -9.71; -0.4; 1.46; -0.39
12990; 0.77; 0.22; -9.71; -0.51; 1.4; -0.43
13022; 0.72; 0.24; -9.7; -0.51; 1.49; -0.5
13047; 0.72; 0.21; -9.72; -0.6; 1.25; -0.51
13074; 0.72; 0.23; -9.66; -0.6; 1.53; -0.49
13100; 0.7; 0.21; -9.71; -0.53; 1.33; -0.54
13125; 0.76; 0.19; -9.68; -0.72; 1.36; -0.43
13152; 0.71; 0.19; -9.68; -0.66; 1.43; -0.56
13177; 0.74; 0.26; -9.68; -0.71; 1.42; -0.47
13204; 0.73; 0.21; -9.69; -0.47; 1.32; -0.53
13230; 0.73; 0.19; -9.69; -0.66; 1.43; -0.44
13256; 0.72; 0.26; -9.66; -0.67; 1.49; -0.56
13282; 0.69; 0.21; -9.69; -0.6; 1.44; -0.59
13324; 0.68; 0.19; -9.65; -0.53; 1.28; -0.41
13356; 0.74; 0.26; -9.72; -0.35; 1.47; -0.5
13382; 0.7; 0.2; -9.68; -0.77; 1.35; -0.44
13408; 0.71; 0.18; -9.67; -0.66; 1.32; -0.41
13434; 0.73; 0.22; -9.7; -0.58; 1.56; -0.44
13460; 0.67; 0.2; -9.7; -0.6; 1.22; -0.33
13486; 0.74; 0.21; -9.71; -0.57; 1.34; -0.46
13511; 0.71; 0.19; -9.67; -0.53; 1.43; -0.48
13538; 0.69; 0.23; -9.7; -0.65; 1.19; -0.37
13563; 0.75; 0.2; -9.71; -0.42; 1.3; -0.63
13589; 0.7; 0.19; -9.72; -0.59; 1.4; -0.43
13615; 0.72; 0.25; -9.69; -0.6; 1.3; -0.55
13641; 0.73; 0.21; -9.71; -0.6; 1.31; -0.48
13667; 0.72; 0.22; -9.7; -0.53; 1.05; -0.35
13699; 0.72; 0.17; -9.73; -0.43; 1.37; -0.4
13724; 0.77; 0.19; -9.7; -0.55; 1.34; -0.46
13751; 0.72; 0.19; -9.69; -0.66; 1.41; -0.49
13776; 0.74; 0.23; -9.7; -0.56; 1.37; -0.48
13802; 0.72; 0.21; -9.67; -0.6; 1.48; -0.42
13828; 0.76; 0.18; -9.69; -0.63; 1.36; -0.57
13854; 0.76; 0.24; -9.71; -0.59; 1.38; -0.49
13880; 0.74; 0.16; -9.67; -0.5; 1.38; -0.39
13905; 0.72; 0.21; -9.67; -0.63; 1.22; -0.5
13932; 0.7; 0.24; -9.69; -0.63; 1.28; -0.37
13958; 0.72; 0.22; -9.67; -0.56; 1.31; -0.62
13983; 0.73; 0.21; -9.69; -0.6; 1.4; -0.38
14026; 0.73; 0.21; -9.72; -0.62; 1.29; -0.6
14052; 0.71; 0.23; -9.69; -0.55; 1.21; -0.58
14078; 0.76; 0.21; -9.71; -0.59; 1.28; -0.43
14104; 0.74; 0.23; -9.7; -0.6; 1.43; -0.52
14130; 0.71; 0.2; -9.7; -0.69; 1.45; -0.43
14156; 0.7; 0.22; -9.66; -0.47; 1.35; -0.59
14182; 0.76; 0.22; -9.7; -0.56; 1.36; -0.43
14208; 0.7; 0.23; -9.68; -0.6; 1.37; -0.48
14234; 0.73; 0.23; -9.71; -0.53; 1.28; -0.62
14260; 0.72; 0.21; -9.68; -0.54; 1.47; -0.56
14285; 0.72; 0.22; -9.7; -0.53; 1.37; -0.37
14312; 0.75; 0.18; -9.72; -0.51; 1.18; -0.32
14338; 0.74; 0.23; -9.72; -0.73; 1.27; -0.37
14369; 0.75; 0.19; -9.7; -0.53; 1.17; -0.48
14396; 0.74; 0.19; -9.69; -0.48; 1.37; -0.5
14422; 0.75; 0.2; -9.7; -0.43; 1.51; -0.47
14448; 0.76; 0.2; -9.72; -0.71; 1.35; -0.41
14475; 0.77; 0.2; -9.71; -0.52; 1.15; -0.43
14500; 0.76; 0.2; -9.69; -0.51; 1.32; -0.49
14527; 0.7; 0.23; -9.73; -0.5; 1.4; -0.6
14554; 0.74; 0.25; -9.71; -0.55; 1.3; -0.51
14579; 0.76; 0.23; -9.71; -0.53; 1.28; -0.47
14606; 0.73; 0.18; -9.71; -0.63; 1.42; -0.47
14632; 0.73; 0.23; -9.68; -0.54; 1.25; -0.46
14658; 0.71; 0.21; -9.66; -0.52; 1.28; -0.52
14691; 0.72; 0.18; -9.68; -0.61; 1.48; -0.41
14716; 0.73; 0.23; -9.69; -0.7; 1.4; -0.48
14743; 0.71; 0.21; -9.69; -0.53; 1.32; -0.56
14769; 0.74; 0.19; -9.69; -0.47; 1.41; -0.49
14795; 0.74; 0.22; -9.7; -0.35; 1.24; -0.41
14821; 0.72; 0.22; -9.69; -0.45; 1.4; -0.46
14848; 0.72; 0.2; -9.71; -0.64; 1.27; -0.5
14873; 0.7; 0.21; -9.66; -0.59; 1.27; -0.54
14900; 0.72; 0.22; -9.68; -0.54; 1.4; -0.43
14925; 0.68; 0.23; -9.7; -0.5; 1.43; -0.56
14952; 0.63; 0.2; -9.72; -0.53; 1.31; -0.44
14978; 0.59; 0.21; -9.72; -0.66; 1.32; -0.54
15004; 0.51; 0.2; -9.73; -0.64; 1.43; -0.5
15036; 0.25; 0.18; -9.75; -0.55; 1.25; -0.35
15062; 0.18; 0.27; -9.75; -0.62; 1.32; -0.44
15088; 0.1; 0.22; -9.7; -0.68; 1.47; -0.34
15114; 0.06; 0.28; -9.72; -0.41; 1.36; -0.39
15140; 0.06; 0.12; -9.84; -0.55; 1.36; -0.52
15166; -0.07; 0.27; -9.75; -0.72; 1.46; -0.41
15193; 0.1; 0.2; -9.64; -0.62; 1.34; -0.43
15219; 0.01; 0.21; -9.68; -0.27; 1.44; -0.37
15245; 0.06; 0.52; -9.73; -0.66; 1.55; -0.28
15270; 0.08; 0.23; -9.75; -0.86; 1.43; -0.47
15297; -0.05; 0.13; -9.82; -0.2; 1.47; -0.44
15323; -0.01; 0.05; -9.74; -0.68; 1.42; -0.46
15355; 0.08; 0.15; -9.48; -0.36; 1.07; -0.38
15381; 0.17; 0.17; -9.51; -0.02; 1.4; -0.41
15407; 0.1; 0.42; -9.86; -0.43; 1.12; -0.43
15433; 0.12; 0.09; -9.46; -0.79; 1.3; -0.74
15459; 0.22; 0.51; -9.66; -0.85; 1.11; -0.44
15485; 0.11; 0.28; -9.48; -0.63; 1.69; -0.33
15511; -0.24; 0.07; -10.49; -0.94; 2.21; -0.75
15538; -0.04; 0.36; -9.54; -1.25; 1.68; -0.66
15564; -0.15; 0.49; -9.94; -0.83; 1.21; -0.29
15590; 0.3; 0.18; -9.12; -0.95; 1.04; -0.14
15616; 0.01; 0.37; -9.91; -0.89; 1.24; -0.68
15642; 0.03; -0.25; -8.93; 0.19; 1.31; -0.28
15674; 0.27; -0.09; -9.99; -1.56; 0.4; -0.92
15711; 0.5; 0.27; -9.97; -1.24; 1.86; -0.43
15736; 0.25; 0.28; -9.71; -1.26; 0.69; -0.34
15763; 0.35; 0.42; -9.81; -1.51; 1.85; -1.01
15790; 0.44; -0.03; -9.78; -0.82; 1.65; -0.8
15816; 0.74; 0.9; -10.29; -1.14; 1.69; -0.63
15842; 0.97; 0.99; -10.18; -0.26; 1.1; -0.44
15868; 0.84; 0.68; -10.74; 0.44; 2.97; 0.03
15895; 0.74; 0.45; -11.41; 0.53; 2.05; 0.18
15921; 0.64; 1.11; -11.49; 0.01; 1.6; -0.14
15947; 1.1; 1.21; -10.44; 0.16; 0.92; -0.14
15974; 1.06; 0.71; -9.23; -0.37; 0.79; -0.46
16000; 0.63; 0.81; -10.19; -2.64; 1.41; -1.14
16032; 0.8; 0.18; -9.97; -0.05; 1.32; -0.26
16058; 0.65; -0.12; -9.26; -1.13; 1.68; -0.47
16084; 0.86; -0.31; -10.1; -0.47; 1.58; -0.51
16111; 0.79; 0.4; -10.19; -0.11; 2.3; -0.23
16137; 0.61; 0.15; -9.66; -0.88; 1.69; -0.71
16162; 0.89; 0.14; -9.34; -0.97; 0.1; -0.56
16189; 1.07; 0.42; -8.53; -1.01; 1.05; -0.6
16215; 1.18; 0.09; -9.8; -0.41; 1.03; -0.66
16241; 0.92; -0.03; -10.2; -0.26; 1.53; -0.72
16267; 1.13; 0.41; -9.83; 0.22; 1.71; -0.36
16293; 1.21; -0.56; -9.34; -1.75; 1.53; -0.73
16319; 1.11; -0.55; -9.39; -1.02; 1.7; -0.87
16367; 1.29; 0.73; -7.93; 0.29; 0.66; -0.22
16394; 1.21; 0.18; -9.22; -0.79; 0.9; -0.85
16419; 1.08; -0.19; -10.06; -1.25; 1.84; -0.89
16446; 1.03; 0.26; -9.47; -1.15; 2.26; -0.72
16473; 0.88; 0.34; -9.64; -0.58; 1.2; -0.03
16498; 0.86; 0.06; -8.83; -0.76; 1.27; -0.5
16525; 0.91; -0.06; -9.44; -0.3; 0.82; -0.69
16550; 0.75; 0.11; -9.94; -0.5; 0.72; -0.05
16576; 0.77; -0.13; -8.52; -0.21; 1.21; -0.65
16603; 0.78; -0.34; -11.04; -0.93; 2.22; -0.55
16629; 0.74; 0.35; -10.01; -0.42; 1.51; -0.35
16655; 0.64; 0.35; -10.1; -0.86; 1.91; -0.4
16687; 0.64; -0.11; -10.1; -0.63; 1.4; -0.36
16713; 0.69; 0.14; -9.18; -0.64; 1.59; -0.69
16739; 0.55; 0.28; -9.64; -1.11; 1.63; -0.54
16765; 0.74; -0.68; -9.45; -0.08; 0.98; -0.98
16791; 0.56; -0.02; -9.62; -0.4; 1.53; -0.64
16818; 0.76; -0.17; -9.95; -1.19; 1.59; -0.76
16843; 0.75; -0.07; -9.51; -0.79; 1.42; -0.6
16870; 0.84; 0.36; -9.13; -0.16; 1.08; -0.24
16897; 0.8; -0.19; -9.67; -0.72; 1.28; -0.56
16922; 0.9; 0.19; -9.02; -0.56; 0.37; -0.09
16948; 1.19; 0.2; -8.44; 0.29; 0.13; -0.47
16974; 0.88; 0.64; -9.96; -1.59; 0.56; -0.66
17000; 1.26; 1.09; -8.86; -0.25; 0.47; -0.24
17032; 1.15; 0.05; -9.2; -0.56; 0.77; -0.16
17058; 1.0; 0.09; -9.62; -0.14; 0.85; -0.45
17085; 0.77; 0.92; -10.04; -1.34; 1.19; -0.33
17111; 0.92; 0.7; -10.1; -0.55; 1.37; -0.21
17137; 0.73; 0.06; -9.62; -1.17; 2.4; -0.41
17164; 0.81; 0.28; -9.16; -1.05; 2.48; -0.43
17189; 0.8; 0.39; -9.84; -0.66; 2.13; -0.19
17216; 0.7; 0.27; -10.15; -0.43; 2.33; -0.28
17243; 0.89; 0.36; -9.34; -0.79; 1.64; -0.48
17268; 1.17; 0.44; -8.99; -0.37; 1.69; -0.44
17295; 0.79; -0.0; -10.08; -0.24; 1.82; -0.28
17321; 0.62; 0.39; -10.1; -0.96; 1.91; -0.47
17353; 1.0; 0.31; -10.2; -0.54; 1.35; -0.29
17380; 0.94; -0.06; -10.08; 0.53; 0.21; -0.31
17405; 0.75; 0.32; -10.4; 0.36; 1.43; -0.28
17432; 0.89; 0.52; -10.28; -0.82; 0.72; -0.3
17458; 1.06; -0.06; -9.03; -0.4; 0.24; -0.91
17483; 0.95; 0.39; -9.56; -0.93; 2.08; -0.27
17510; 0.72; -0.08; -10.08; -0.56; 1.07; -0.82
17537; 0.86; 0.56; -9.57; -0.29; 1.92; 0.25
17562; 0.5; 0.13; -10.72; -1.08; 1.88; -0.62
17588; 1.08; 0.36; -8.48; -0.11; 0.39; -0.77
17614; 0.74; -0.12; -10.09; -0.73; 1.41; -0.9
17640; 0.79; 0.36; -9.63; -1.41; 2.18; 0.03
17673; 0.78; 0.46; -9.6; -0.56; 1.27; -0.02
17698; 0.5; -0.05; -10.44; 0.02; 1.44; -0.7
17724; 0.68; 0.34; -9.96; -0.06; 0.96; -0.53
17751; 0.83; 0.3; -9.05; -0.79; 1.17; -0.5
17776; 0.62; 0.27; -9.83; -1.85; 2.37; -0.24
17803; 0.59; -0.34; -10.38; -0.11; 0.65; -0.85
17828; 0.72; 0.13; -9.64; -0.61; 1.11; -0.24
17855; 0.69; 0.45; -9.01; -1.01; 0.98; -0.53
17881; 0.62; 0.13; -9.38; -0.64; 2.02; -0.6
17907; 0.9; 0.53; -8.34; 0.18; 0.37; -0.37
17933; 0.64; 0.64; -9.34; -0.68; 1.64; -0.34
17959; 0.66; -0.0; -10.06; -0.91; 1.93; -0.52
17985; 0.62; 0.19; -9.83; -0.6; 1.14; -0.8
18017; 0.8; 0.19; -9.92; -0.21; 1.43; -0.16
18043; 0.89; 0.42; -9.73; -0.72; 1.15; -0.27
18069; 0.8; 0.22; -9.45; -0.66; 1.75; -0.4
18095; 1.09; 0.99; -7.84; 0.08; 0.62; -0.21
18121; 0.74; 0.63; -10.18; -0.63; 1.74; -0.24
18147; 0.86; -0.02; -10.02; -0.47; 1.26; -0.42
18173; 0.75; 0.48; -9.49; -0.05; 0.81; -0.79
18199; 0.87; -0.22; -10.72; -0.74; 1.75; -0.41
18226; 0.84; -0.17; -9.48; -0.34; 0.45; -0.51
18251; 0.74; 0.12; -9.71; -0.41; 1.54; -0.44
18278; 0.66; 0.15; -10.05; -0.09; 1.2; -0.43
18304; 0.91; 0.7; -9.33; -0.57; 0.73; -0.42
18336; 0.63; -0.03; -9.29; 0.5; 0.93; -0.59
18362; 0.7; 0.91; -9.58; -1.93; 1.66; -0.32
18388; 0.67; 0.28; -9.74; 0.49; 1.27; -0.47
18414; 0.77; 0.18; -9.9; -0.51; 1.14; -0.43
18441; 0.71; 0.01; -9.79; -0.93; 1.59; -0.37
18466; 0.75; 0.02; -9.97; -0.09; 1.57; -0.74
18493; 0.8; 0.68; -9.79; -1.35; 0.84; -0.18
18519; 0.64; -0.63; -10.1; -0.44; 2.04; -0.6
18545; 0.85; 0.37; -9.29; -0.43; 0.49; -0.5
18572; 0.81; 0.8; -9.08; -1.12; 1.92; -0.29
18597; 0.7; -0.29; -10.2; 0.08; 1.05; -0.66
18624; 0.93; 0.75; -8.77; -0.49; 0.81; -0.12
18651; 0.53; 0.16; -10.76; -0.76; 2.97; -0.42
18682; 0.81; 0.47; -9.83; -0.66; 1.34; -0.47
18708; 0.61; -0.09; -9.98; -0.37; 1.39; -0.67
18735; 0.79; 0.1; -9.08; -0.16; 0.49; -0.24
18760; 0.4; 0.27; -10.78; -1.1; 2.49; -0.65
18787; 0.86; -0.4; -9.28; -0.56; 1.17; -0.85
18812; 0.67; 0.55; -10.18; -0.8; 2.08; -0.37
18839; 0.9; 0.08; -9.51; -1.06; 0.53; -0.39
18865; 0.62; 0.54; -9.6; -0.71; 2.4; -0.49
18891; 0.68; 0.07; -9.88; -0.74; 1.15; -0.59
18927; 0.99; 0.57; -8.93; -0.18; 0.78; -0.36
18953; 0.81; 0.17; -9.85; -1.05; 1.89; -0.59
18979; 0.72; 0.09; -10.19; -0.63; 1.26; -0.21
19072; 0.65; 0.05; -9.93; 0.05; 1.91; -0.27
19097; 0.72; 0.19; -10.37; -0.47; 1.44; -0.83
19124; 0.64; 0.16; -9.7; -0.31; 1.52; -0.66
19149; 0.78; 0.5; -9.77; -0.58; 0.72; -0.42
19176; 0.68; -0.09; -11.2; -0.41; 2.77; -0.55
19202; 1.0; 1.02; -8.98; -0.29; 0.7; -0.2
19227; 0.69; -0.29; -9.99; -0.45; 1.04; -0.57
19254; 0.79; 0.27; -9.16; -1.11; 1.56; -0.5
19279; 0.85; 0.53; -9.38; 0.29; 0.92; -0.02
19306; 0.67; -0.11; -10.32; -1.32; 2.16; -0.79
19332; 0.74; 0.25; -9.37; -0.46; 1.02; -0.34
19358; 0.84; 0.15; -9.87; -0.79; 1.49; -0.34
19390; 0.87; -0.09; -9.78; -0.31; 0.21; -0.34
19416; 0.6; -0.29; -9.93; -1.37; 2.24; -0.96
19458; 0.77; 0.24; -9.62; -1.19; 1.88; -0.53
19483; 1.09; 0.74; -9.05; -0.31; 0.79; -0.14
19510; 0.93; 0.02; -9.54; -0.22; 0.96; -0.39
19535; 0.95; 0.11; -9.5; -0.76; 1.16; -0.51
19562; 0.68; 0.14; -10.24; -0.66; 1.85; -0.54
19588; 0.69; 0.06; -10.33; -0.62; 1.88; -0.51
19614; 0.88; 0.23; -10.14; -0.45; 2.06; -0.5
19640; 0.99; 0.02; -9.35; -0.57; 1.86; -0.82
19665; 0.68; 0.22; -10.14; -0.59; 1.82; -0.47
19692; 0.76; 0.06; -9.76; -0.55; 1.95; -0.41
19718; 0.82; 0.52; -9.28; -0.34; 1.43; -0.32
19750; 0.65; 0.09; -9.81; -0.47; 1.63; -0.63
19776; 0.77; -0.04; -9.79; -0.19; 1.37; -0.74
19803; 0.62; 0.18; -9.71; -0.5; 1.42; -0.4
19828; 0.68; 0.35; -9.51; -0.7; 1.32; -0.47
19855; 0.6; 0.1; -9.28; -0.68; 1.54; -0.55
19880; 0.68; 0.0; -9.55; -0.87; 1.46; -0.53
19907; 0.69; 0.09; -9.93; -0.71; 1.38; -0.37
19933; 0.77; -0.01; -9.67; -0.42; 1.3; -0.41
19959; 0.7; 0.07; -9.64; -0.74; 1.11; -0.55
19985; 0.54; -0.27; -10.51; -0.53; 1.79; -0.72
20012; 0.46; -0.09; -10.42; -0.83; 2.17; -0.67
20038; 0.59; 0.24; -10.25; -0.4; 1.83; -0.67
20070; 0.7; 0.22; -9.37; -0.61; 1.79; -0.73
20096; 0.74; 0.36; -9.24; -1.0; 1.79; -0.82
20122; 0.73; -0.04; -9.76; -1.01; 1.73; -0.58
20148; 0.82; 0.02; -9.9; -0.92; 1.6; -0.54
20174; 0.8; 0.09; -9.33; -0.76; 1.97; -0.57
20200; 0.77; 0.3; -9.71; -0.69; 1.38; -0.63
20226; 0.7; 0.34; -10.21; -0.31; 1.53; -0.63
20252; 0.82; 0.18; -9.55; -0.41; 1.04; -0.53
20278; 0.78; 0.43; -9.38; -1.34; 1.6; -0.38
20304; 0.64; -0.22; -10.61; -0.51; 1.75; -0.4
20330; 0.8; -0.08; -9.69; -0.72; 0.99; -0.58
20357; 0.69; -0.11; -9.71; -0.22; 1.46; -0.59
20388; 0.57; 0.57; -10.17; -0.95; 1.4; -0.39
20414; 0.75; -0.09; -9.49; -1.32; 1.44; -0.49
20441; 0.69; -0.15; -9.62; -0.19; 1.4; -0.37
20466; 0.81; -0.1; -9.0; 0.08; 0.89; -0.74
20492; 0.75; 0.41; -9.51; -0.33; 2.14; -0.49
20518; 0.63; 0.5; -10.04; -0.82; 1.47; -0.8
20544; 0.67; 0.15; -10.18; -0.52; 1.22; -0.53
20571; 0.78; 0.4; -9.97; -0.65; 1.34; -0.34
20596; 0.78; 0.25; -9.97; -0.43; 1.65; -0.46
20622; 0.71; 0.19; -10.18; -1.01; 0.84; -0.5
20648; 0.8; -0.02; -9.05; -0.57; 0.99; -0.66
20674; 0.78; -0.04; -9.66; -0.96; 1.39; -0.56
20701; 0.97; 0.53; -9.54; -0.38; 1.21; -0.23
20732; 0.83; 0.13; -10.09; -1.01; 1.26; -0.77
20758; 0.74; 0.06; -9.43; -0.29; 1.39; -0.34
20785; 0.78; 0.15; -10.0; -0.81; 1.34; -0.55
20810; 0.72; 0.23; -9.34; -0.43; 1.45; -0.45
20836; 0.72; 0.07; -9.9; -0.34; 1.04; -0.57
20862; 0.75; 0.45; -9.68; -1.11; 1.16; -0.44
20888; 0.9; 0.2; -9.44; -0.51; 1.46; -0.59
20914; 0.55; -0.11; -10.6; -0.53; 2.06; -0.47
20940; 0.67; 0.42; -9.42; -0.53; 0.99; -0.37
20966; 0.5; -0.05; -9.73; -0.21; 1.68; -0.59
20993; 0.5; 0.19; -9.89; -0.32; 1.16; -0.69
21018; 0.65; 0.62; -9.55; -0.48; 1.42; -0.17
21050; 0.6; 0.21; -9.39; -0.87; 1.63; -0.36
21076; 0.47; -0.12; -10.0; -0.77; 1.82; -0.5
21102; 0.45; 0.02; -10.12; -0.9; 1.96; -0.46
21129; 0.56; 0.37; -9.64; -0.77; 1.44; -0.53
21154; 0.57; 0.13; -9.66; -0.53; 1.16; -0.43
21181; 0.65; 0.25; -9.57; -0.53; 0.91; -0.43
21207; 0.74; 0.41; -9.57; -0.9; 1.14; -0.36
21233; 0.64; 0.5; -9.71; -0.37; 1.01; -0.35
21259; 0.6; -0.05; -10.05; -0.05; 0.7; -0.51
21285; 0.44; 0.26; -10.69; -1.54; 2.59; -0.66
21312; 0.67; 0.4; -9.17; -0.92; 1.91; -0.56
21338; 0.7; 0.35; -9.27; -0.08; 0.83; -0.31
21369; 0.81; 0.08; -9.5; 0.25; 0.39; -0.35
21396; 0.64; 0.4; -10.36; -1.11; 1.45; -0.53
21422; 0.77; -0.43; -8.99; -0.11; 1.08; -0.53
21448; 0.72; 0.56; -9.67; -0.65; 1.95; -0.14
21474; 0.68; 0.02; -9.78; 0.26; 0.6; -0.34
21499; 0.5; 0.06; -10.34; -1.2; 2.06; -0.68
21526; 0.64; 0.37; -9.47; -0.77; 1.49; -0.68
21552; 0.57; 0.04; -10.06; -0.65; 1.95; -0.92
21577; 0.92; 0.62; -9.06; 0.05; 0.56; -0.02
21604; 0.8; -0.07; -9.95; -0.68; 1.08; -0.53
21629; 0.78; 0.53; -10.0; -0.71; 1.93; -0.5
21655; 0.86; -0.22; -8.81; 0.13; 0.27; -0.74
21682; 0.64; 0.06; -10.56; -1.34; 1.99; -0.68
21713; 0.9; 0.21; -8.89; -0.45; 0.53; -0.65
21739; 0.65; 0.49; -10.11; -0.43; 1.36; -0.48
21766; 0.63; -0.13; -10.36; -1.47; 2.27; -0.76
21791; 0.92; 0.44; -8.52; 0.28; 0.41; -0.22
21817; 0.81; 0.22; -9.79; -0.81; 1.11; -0.5
21843; 0.71; -0.09; -10.23; -0.83; 1.38; -0.72
21869; 0.57; 0.42; -10.22; -0.25; 1.77; -0.19
21896; 0.75; -0.05; -10.05; -0.85; 2.14; -0.64
21921; 0.82; -0.05; -10.08; -0.5; 1.82; -0.46
21947; 0.63; 0.18; -9.93; -0.56; 1.98; -0.71
21974; 0.86; 0.23; -8.97; -0.19; 0.93; -0.53
21999; 0.94; 0.43; -9.16; -0.48; 0.84; -0.23
22031; 0.8; -0.1; -10.41; -0.34; 1.17; -0.68
22057; 0.83; 0.16; -10.52; -0.4; 1.3; -0.56
22083; 0.81; -0.19; -10.63; -0.84; 1.69; -0.49
22110; 0.8; -0.23; -10.53; -1.36; 2.18; -0.56
22135; 0.79; -0.18; -10.1; -1.41; 2.28; -0.53
22162; 0.89; 0.05; -9.93; -1.19; 1.71; -0.52
22198; 0.99; 0.17; -9.11; -0.16; 0.79; -0.72
22223; 0.76; 0.33; -9.75; -0.52; 1.37; -0.18
22249; 0.9; 0.28; -9.44; -0.38; 1.1; -0.21
22276; 0.91; 0.26; -9.32; -0.11; 1.16; -0.56
22301; 0.67; 0.13; -9.84; -0.72; 1.75; -0.63
22328; 0.61; -0.02; -10.01; -0.89; 1.73; -0.61
22360; 0.64; 0.06; -9.95; -1.08; 1.42; -0.5
22385; 0.66; 0.26; -9.78; -0.19; 1.4; -0.64
22412; 0.71; 0.28; -9.66; -0.24; 0.95; -0.49
22437; 0.69; 0.21; -9.79; -0.59; 1.54; -0.4
22479; 0.84; 0.21; -8.78; -0.43; 0.47; -0.18
22506; 0.86; 0.11; -9.4; -0.6; 1.11; -0.35
22532; 0.85; -0.01; -9.13; -0.56; 1.05; -0.22
22558; 0.75; 0.2; -9.26; -0.53; 1.5; -0.38
22584; 0.72; 0.03; -9.73; -0.28; 1.85; -0.31
22610; 0.64; 0.08; -10.0; -0.57; 1.98; -0.5
22636; 0.66; 0.18; -9.56; -0.26; 1.21; -0.4
22663; 0.68; -0.05; -9.51; -0.07; 1.14; -0.67
22688; 0.61; 0.11; -9.56; -0.47; 1.21; -0.48
22721; 0.69; -0.11; -10.27; -0.92; 1.75; -0.71
22747; 0.76; 0.25; -9.33; -0.75; 1.65; -0.5
22772; 0.6; 0.19; -9.87; -0.97; 1.6; -0.53
22799; 0.59; -0.16; -10.02; -0.89; 1.37; -0.56
22824; 0.59; -0.15; -9.73; -1.13; 1.33; -0.6
22851; 0.69; 0.26; -10.13; -0.43; 1.47; -0.34
22877; 0.62; 0.26; -9.6; -0.27; 1.2; -0.24
22902; 0.49; -0.24; -10.3; -1.37; 2.25; -0.45
22929; 0.6; 0.48; -9.16; -0.66; 1.02; -0.73
22955; 0.73; 0.42; -9.18; 0.33; 0.5; -0.38
22980; 0.78; 0.6; -9.51; -1.09; 1.2; -0.42
23007; 0.52; -0.35; -10.7; -0.67; 2.55; -0.58
23038; 0.81; 0.63; -9.33; -0.17; 1.13; -0.1
23064; 0.91; 0.4; -9.73; -0.52; 0.98; -0.66
23091; 0.57; -0.4; -10.02; -0.39; 2.32; -0.46
23116; 0.77; 0.53; -9.88; -0.37; 0.91; -0.48
23142; 0.86; 0.27; -8.98; -0.52; 1.0; -0.58
23169; 0.63; 0.03; -10.18; -0.65; 1.59; -0.3
23194; 0.75; 0.33; -9.81; -0.45; 1.29; -0.61
23220; 0.72; 0.72; -9.36; -0.63; 1.5; -0.47
23246; 0.58; -0.52; -10.18; -1.24; 2.08; -0.92
23272; 0.86; 0.51; -9.35; 0.01; 0.72; -0.48
23298; 0.76; 0.1; -10.23; -0.77; 1.79; -0.4
23324; 0.61; 0.04; -9.63; -0.4; 0.72; -0.48
23356; 0.72; 0.25; -9.5; 0.02; 0.94; -0.6
23382; 0.93; 0.66; -8.91; -0.77; 0.91; -0.34
23407; 0.74; -0.22; -10.35; -0.38; 1.55; -0.56
23434; 0.75; 0.39; -9.34; -0.62; 1.33; -0.42
23459; 0.65; 0.24; -10.27; -0.48; 2.11; -0.4
23485; 0.7; 0.08; -9.31; -0.74; 1.68; -0.56
23512; 0.72; 0.41; -9.99; -0.74; 1.17; -0.21
23537; 0.67; -0.07; -9.78; -0.07; 1.11; -0.6
23563; 0.85; 0.64; -9.49; -0.93; 1.75; -0.56
23589; 0.92; 0.4; -9.95; -0.82; 1.36; -0.39
23615; 0.84; 0.35; -9.32; -0.19; 1.01; -0.37
23641; 0.7; 0.04; -10.18; -1.22; 1.82; -0.66
23667; 1.0; 0.6; -9.01; 0.08; 0.63; -0.45
23699; 0.82; 0.54; -9.73; -0.73; 1.66; -0.39
23725; 0.95; 0.21; -9.89; -0.42; 1.56; -0.29
23750; 0.7; 0.63; -9.63; -0.56; 1.24; -0.4
23777; 0.89; 0.32; -9.38; -0.31; 0.49; -0.19
23802; 0.83; -0.43; -9.26; -0.63; 0.65; -0.77
23829; 0.55; -0.13; -10.19; -0.85; 1.55; -0.84
23856; 0.78; 0.44; -9.16; -0.24; 1.01; -0.26
23881; 0.6; 0.16; -10.25; -0.85; 2.12; -0.34
23907; 0.73; 0.35; -9.21; -0.17; 1.04; -0.38
23933; 0.64; 0.21; -9.66; -0.66; 1.63; -0.71
23959; 0.5; 0.11; -9.76; -1.24; 1.64; -0.56
23986; 0.69; -0.12; -9.35; -0.24; 1.1; -0.58
24017; 0.69; -0.08; -9.97; -1.23; 1.54; -0.91
24044; 0.68; 0.41; -10.03; -0.72; 1.5; -0.28
24070; 0.73; 0.13; -9.12; -0.47; 1.68; -0.27
24095; 0.64; 0.34; -10.3; 0.14; 0.95; -0.31
24121; 0.58; 0.2; -9.72; -0.6; 1.55; -0.36
24147; 0.72; 0.21; -9.89; -0.89; 1.66; -0.35
24173; 0.75; 0.33; -9.74; -0.17; 1.5; -0.5
24199; 0.57; 0.11; -10.15; -1.3; 1.81; -0.58
24225; 0.53; -0.25; -10.24; -0.69; 1.81; -0.75
24251; 0.7; 0.34; -9.46; -0.43; 0.96; -0.28
24276; 0.61; -0.07; -10.05; -1.05; 2.08; -0.63
24303; 0.4; 0.06; -10.43; -0.67; 2.21; -0.6
24335; 0.85; -0.02; -9.65; -1.05; 0.64; -0.92
24360; 0.77; 0.68; -9.43; 0.26; 0.99; -0.02
24386; 0.53; 0.13; -9.09; -1.13; 1.8; -0.56
24413; 0.68; 0.22; -9.48; -0.45; 1.46; -0.71
24438; 0.81; -0.01; -9.96; -0.79; 1.79; -0.51
24464; 0.71; 0.22; -9.9; -0.71; 1.28; -0.77
24489; 0.82; 0.22; -9.47; -0.42; 1.07; -0.18
24516; 0.76; 0.36; -9.8; -0.5; 0.53; -0.69
24542; 0.86; 0.52; -9.07; -0.18; 0.11; -0.15
24567; 0.53; 0.23; -9.54; -0.25; 1.04; -0.43
24593; 0.89; 0.21; -9.04; -0.73; 0.98; -0.44
24620; 1.02; 0.3; -7.82; 0.09; -0.14; -0.4
24645; 0.55; 0.16; -9.38; -1.22; 1.52; -0.47
24677; 0.88; 1.0; -7.78; -1.05; 0.91; -0.24
24702; 0.4; 0.07; -9.78; -0.79; 2.47; -0.53
24728; 0.46; 0.61; -9.99; -0.42; 1.58; -0.82
24754; 0.93; 0.89; -8.28; -0.02; 0.32; 0.22
24780; 0.73; 0.15; -9.69; -0.27; 1.59; -0.44
24806; 0.83; 0.56; -9.41; -0.63; 1.33; -0.46
24832; 0.86; 0.54; -9.08; -0.12; 1.53; -0.2
24858; 0.56; 0.21; -10.39; -0.4; 0.6; -0.52
24884; 0.66; 0.09; -9.68; -0.11; 0.82; -0.63
24909; 0.9; 0.9; -9.58; -2.11; 2.38; -0.49
24936; 0.74; 0.16; -10.46; -0.92; 2.01; -0.76
24962; 0.79; 0.09; -10.41; -0.31; 0.34; -0.53
24993; 0.91; 1.04; -8.27; -0.69; 0.8; -0.33
25020; 0.67; -0.0; -9.53; -1.28; 2.13; -0.28
25046; 0.84; 0.03; -9.34; -0.35; 1.89; -0.51
25072; 0.49; 0.05; -10.35; 0.08; 2.69; -0.59
25099; 0.28; -0.48; -10.73; -0.6; 2.8; -0.66
25124; 0.5; 0.08; -10.53; -0.85; 2.4; -0.43
25151; 0.65; 0.35; -9.75; -0.36; 1.28; -0.29
25178; 1.04; 0.34; -9.08; -0.81; 0.66; -0.5
25203; 0.96; 0.5; -9.27; -0.16; 0.28; -0.41
25230; 0.8; -0.15; -9.32; -0.21; 1.01; -0.72
25256; 0.71; -0.24; -9.84; -0.44; 2.17; -0.69
25283; 0.66; -0.15; -10.11; -0.27; 1.82; -0.47
25310; 0.56; 0.28; -10.64; -0.95; 1.73; -0.27
25341; 0.92; 0.23; -8.89; -0.61; 0.66; -0.56
25377; 1.13; -0.27; -8.55; -0.47; 0.56; -0.85
25404; 0.76; 0.28; -8.98; 0.06; 2.15; -0.15
25431; 0.68; 0.1; -10.67; -0.75; 1.53; -0.63
25456; 1.07; 0.1; -8.65; -0.24; 0.52; -0.45
25498; 1.05; 0.02; -8.84; -0.15; 1.05; -0.65
25525; 0.76; 0.3; -10.12; -0.69; 1.81; -0.39
25551; 0.95; 0.1; -9.18; -0.82; 1.37; -0.47
25577; 0.73; 0.43; -10.39; -0.66; 1.55; -0.24
25604; 1.03; -0.08; -9.61; -0.02; 1.34; -0.66
25629; 0.83; 0.06; -9.46; -0.63; 0.98; -0.7
25656; 1.06; 0.67; -9.6; -0.8; 1.4; -0.39
25688; 0.91; 0.43; -9.68; -0.35; 1.56; -0.28
25713; 0.83; 0.29; -9.97; -0.88; 1.11; -0.43
25740; 0.79; 0.33; -9.93; -0.78; 1.93; -0.47
25765; 0.85; 0.16; -9.39; -0.69; 2.08; -0.4
25792; 0.97; 0.42; -9.07; -0.69; 1.86; -0.34
25818; 0.93; 0.68; -9.1; -0.73; 1.87; -0.23
25844; 0.88; 0.8; -9.15; -0.71; 1.69; -0.25
25870; 0.83; 0.58; -9.13; -0.75; 1.88; -0.35
25896; 0.73; 0.45; -9.37; -1.07; 2.14; -0.34
25922; 0.69; 0.37; -9.28; -0.65; 1.99; -0.45
25949; 0.55; 0.34; -9.66; -0.93; 2.13; -0.37
25974; 0.55; 0.01; -10.01; -1.12; 2.12; -0.58
26007; 0.58; 0.19; -10.34; -0.76; 1.58; -0.4
26033; 0.44; 0.2; -10.16; -0.89; 1.79; -0.67
26059; 0.53; 0.04; -9.93; -0.92; 2.07; -0.56
26085; 0.52; 0.22; -9.77; -0.62; 1.82; -0.26
26112; 0.57; -0.02; -9.08; -0.22; 1.43; -0.58
26137; 0.6; -0.09; -9.36; -0.3; 1.26; -0.26
26164; 0.49; 0.28; -9.65; -0.74; 1.76; -0.36
26189; 0.73; 0.33; -9.91; -0.24; 1.19; -0.44
26216; 0.5; -0.24; -10.62; -1.05; 2.66; -0.8
26243; 0.67; 0.36; -9.18; -0.09; 1.67; -0.63
26268; 0.57; -0.18; -10.26; -0.92; 2.59; -0.38
26295; 0.69; 0.12; -8.56; -0.56; 0.71; -0.49
26320; 0.32; 0.3; -11.07; -0.57; 2.87; -0.26
26353; 0.75; -0.14; -9.51; -0.82; 0.05; -0.45
26379; 0.52; -0.12; -9.7; -0.34; 1.12; -0.89
26405; 0.56; 0.05; -9.36; -0.07; 1.13; -0.53
26431; 0.48; 0.62; -10.08; -1.05; 1.25; -0.36
26458; 0.72; 0.74; -9.64; -0.51; 0.76; -0.28
26484; 1.12; 0.35; -7.71; -0.69; 2.2; -0.42
26510; 0.63; 0.65; -9.63; -0.75; 2.41; -0.56
26536; 0.68; 0.16; -9.78; -0.18; 1.05; -0.57
26563; 0.72; 0.34; -9.74; -0.31; 1.65; -0.26
26589; 0.95; 0.54; -8.5; -0.37; 0.95; -0.24
26615; 0.92; 0.63; -9.36; -0.33; 1.01; -0.08
26642; 0.75; 0.72; -9.69; -1.25; 0.86; -0.44
26674; 0.76; 0.14; -10.01; -0.82; 1.22; -0.59
26700; 0.7; 0.1; -9.63; -0.51; 1.79; -0.35
26726; 0.61; 0.13; -9.09; -0.65; 1.79; -0.6
26753; 0.56; 0.4; -9.69; -0.78; 1.91; -0.71
26778; 0.74; 0.85; -9.39; -0.76; 0.83; -0.31
26805; 0.69; 0.13; -9.19; -0.77; 1.3; -0.61
26830; 0.68; 0.17; -10.03; -0.47; 1.17; -0.35
26857; 0.77; -0.4; -9.33; -1.42; 1.4; -0.94
26883; 0.47; 0.57; -10.08; -0.52; 2.29; -0.11
26909; 0.42; 0.39; -10.06; -0.56; 0.99; -0.37
26935; 0.56; 0.19; -9.74; -1.75; 1.7; -0.67
26961; 0.5; 0.43; -10.23; -0.83; 2.49; -0.43
26993; 0.69; -0.37; -9.52; -1.0; 1.4; -0.92
27020; 0.54; 0.76; -9.57; -0.09; 0.75; -0.32
27045; 0.68; 0.41; -9.55; -0.5; 1.55; -0.32
27072; 0.74; 0.4; -9.44; -0.51; 1.06; -0.52
27098; 0.77; -0.17; -9.34; -1.59; 1.51; -0.88
27124; 0.83; -0.23; -9.94; -0.73; 2.47; -0.62
27150; 0.82; 0.23; -9.71; -0.75; 1.04; -0.56
27176; 0.7; -0.32; -9.96; -0.67; 1.74; -0.57
27202; 0.65; 0.12; -9.44; -0.3; 1.14; -0.8
27229; 0.82; 0.21; -9.42; -0.94; 2.24; -0.45
27254; 0.55; 0.25; -9.59; -0.35; 1.37; -0.24
27281; 0.62; 0.64; -10.22; -1.13; 1.5; -0.24
27307; 0.57; 0.02; -9.21; -0.72; 1.81; -0.47
27338; 0.75; 0.26; -9.78; -0.6; 1.04; -0.33
27365; 1.01; 0.4; -8.37; -0.72; 0.31; -0.55
27390; 0.79; 0.64; -8.74; -0.42; 2.01; -0.31
27417; 0.52; -0.19; -11.29; -0.4; 2.37; -0.75
27443; 0.52; 0.04; -10.51; -0.76; 1.43; -0.65
27469; 0.68; 0.5; -8.81; -0.34; 0.79; -0.18
27495; 0.87; 0.68; -8.89; -0.5; 0.69; -0.37
27522; 0.91; -0.03; -9.32; -0.75; 1.28; -0.84
27547; 0.73; 0.17; -9.87; -0.63; 2.05; -0.31
27574; 0.77; 0.23; -10.07; -1.25; 1.46; -0.53
27599; 0.67; 0.57; -9.89; -0.35; 1.27; -0.23
27626; 0.71; 0.28; -9.22; -0.39; 1.74; -0.22
27658; 0.87; 0.15; -9.55; -0.87; 1.11; -0.14
27683; 0.58; 0.58; -10.17; -0.6; 1.75; -0.37
27710; 0.62; -0.47; -9.7; -0.53; 0.98; -1.05
27737; 0.67; -0.1; -9.82; -0.5; 1.38; -0.31
27762; 0.71; 0.39; -9.97; -0.38; 1.83; -0.13
27789; 0.96; 0.04; -9.34; -0.82; 1.08; -0.94
27815; 0.63; 0.12; -10.27; -0.58; 1.37; -0.37
27841; 0.97; -0.14; -9.09; -0.1; 1.82; -0.4
27868; 0.82; 0.08; -9.39; -0.62; 1.54; -0.94
27894; 0.84; 0.0; -9.1; 0.07; 1.82; -0.43
27920; 0.81; 0.18; -9.37; -0.08; 1.22; 0.09
27947; 0.63; 0.22; -9.86; -0.49; 1.66; -0.28
27972; 0.78; 0.36; -8.54; -1.28; 2.63; -0.87
28005; 0.77; 0.14; -8.72; -1.46; 2.24; -0.73
28030; 1.15; 0.73; -9.27; 0.66; 0.24; 0.08
28057; 0.55; -0.38; -10.56; -0.73; 1.68; -0.43
28083; 0.98; 0.81; -10.38; -0.01; 0.98; -0.66
28109; 0.58; -0.09; -10.39; -1.49; 2.42; -0.82
28135; 0.85; 0.83; -9.07; 0.11; 0.76; -0.08
28162; 0.79; 0.02; -9.02; -0.18; 0.99; -0.81
28187; 1.02; 0.08; -8.89; 0.15; 0.52; -0.61
28213; 0.53; 0.21; -11.25; -0.21; 2.33; -0.34
28239; 0.68; 0.48; -9.6; -0.92; 1.89; -0.64
28265; 0.84; 0.23; -9.53; -0.49; 1.12; -0.25
28292; 0.78; 0.07; -9.38; -0.57; 1.43; -0.48
28323; 0.69; 0.19; -9.92; -0.2; 1.18; -0.69
28349; 0.64; 0.28; -9.91; -0.66; 1.51; -0.63
28376; 0.99; 0.69; -8.86; 0.27; 0.95; -0.2
28401; 0.88; -0.05; -9.42; -0.69; 1.39; -0.3
28428; 0.52; -0.17; -10.86; -0.18; 1.82; -0.63
28453; 0.86; 0.19; -10.53; -1.5; 1.97; -0.61
28480; 0.94; -0.05; -9.64; -0.62; 1.56; -0.5
28521; 0.71; 0.24; -9.89; -0.62; 1.88; -0.51
28548; 1.02; 0.27; -9.22; -0.18; 0.32; -0.29
28573; 0.63; -0.02; -9.96; -0.19; 1.46; -0.66
28610; 1.04; 0.26; -9.07; -0.41; 0.93; -0.11
28636; 0.8; 0.5; -8.82; -1.12; 0.98; -0.74
28668; 0.75; 0.28; -10.1; -0.37; 0.82; -0.46
28694; 0.78; 0.63; -9.32; -0.44; 1.11; -0.43
28721; 1.06; 0.58; -9.49; 0.04; 1.13; -0.18
28746; 1.11; 1.25; -7.5; -0.01; -0.6; -0.36
28773; 0.56; -0.14; -11.35; -0.22; 2.61; -0.6
28798; 0.86; -0.08; -8.55; -0.99; 0.46; -0.64
28825; 0.54; 0.23; -10.81; -0.55; 3.01; -0.27
28851; 0.99; 0.17; -9.26; -1.07; 0.96; -0.96
28877; 0.84; 0.63; -9.2; -0.41; 1.24; 0.06
28903; 0.69; 0.36; -9.23; -1.45; 2.09; -0.83
28929; 0.63; -0.35; -10.8; -0.4; 1.88; -0.66
28955; 0.95; 0.35; -7.98; -0.12; 0.65; -0.34
28981; 0.67; 0.81; -10.47; -0.81; 2.13; -0.49
29014; 0.75; 0.26; -8.93; 0.22; 1.46; -0.18
29039; 0.52; -0.15; -10.6; -1.82; 2.44; -0.71
29066; 0.76; 0.14; -9.85; -0.23; 0.8; -0.47
29091; 0.81; 0.32; -8.34; -0.25; 1.15; -0.28
29118; 0.44; 0.45; -10.88; -1.07; 1.53; -0.68
29145; 0.7; -0.19; -9.16; -0.67; 1.46; -0.67
29170; 0.58; 0.22; -10.3; -1.02; 1.98; -0.56
29197; 1.02; 0.02; -9.44; -1.34; 1.46; -0.79
29223; 0.54; 0.47; -10.32; -0.69; 1.54; -0.3
29249; 0.61; 0.14; -10.5; -0.32; 1.3; -0.56
29276; 0.94; 0.32; -8.95; -0.14; 0.82; -0.37
29302; 0.6; 0.46; -9.2; -0.24; 1.37; -0.31
29334; 0.52; 0.09; -10.68; -0.37; 1.29; -0.49
29360; 0.87; 0.01; -9.48; -0.38; 0.19; -0.57
29386; 0.72; 0.49; -9.35; 0.04; 1.51; -0.33
29412; 0.54; 0.12; -9.76; 0.18; 1.52; -0.41
29438; 0.83; 0.49; -9.29; -0.33; 0.37; -0.19
29464; 0.93; 0.39; -9.08; -0.5; 1.35; -0.28
29490; 0.47; 0.68; -9.96; -0.85; 2.27; -0.25
29516; 0.98; 0.29; -9.34; -1.16; 1.43; -0.45
29542; 0.88; 0.21; -9.27; -1.03; 0.5; -0.83
29569; 0.36; -0.14; -10.57; -0.63; 2.5; -0.47
29594; 0.86; -0.17; -9.26; -0.76; 0.47; -0.61
29621; 0.3; -0.01; -10.22; -0.48; 1.96; -0.34
29652; 0.54; -0.22; -10.54; -0.67; 1.98; -0.71
29679; 0.77; 0.08; -9.17; -1.0; 0.59; -0.5
29705; 0.7; 0.26; -9.49; -0.46; 1.47; -0.43
29730; 0.58; -0.58; -9.06; -0.84; 0.76; -0.98
29757; 0.63; 0.28; -9.42; -0.34; 1.24; -0.49
29783; 0.8; 0.31; -9.69; -0.4; 1.62; -0.54
29809; 0.34; 0.31; -10.91; -1.22; 2.09; -0.37
29835; 0.61; 0.11; -9.72; -1.11; 1.74; -0.48
29861; 0.52; 0.08; -9.55; -1.1; 1.79; -0.69
29887; 0.77; 0.1; -9.64; -0.54; 1.63; -0.66
29913; 0.65; -0.17; -9.88; -0.46; 2.29; -0.53
29939; 0.59; 0.07; -10.24; -1.06; 1.46; -0.59
29965; 0.92; -0.01; -9.29; -0.23; 0.31; -0.52
29997; 0.97; 0.27; -8.19; -1.16; 1.51; -0.79
30023; 0.72; 0.36; -9.94; -0.85; 1.34; -0.72
30049; 0.68; 0.09; -10.08; -0.49; 1.42; -0.69
30075; 0.78; -0.07; -9.61; -0.69; 1.44; -0.49
30101; 0.85; 0.39; -9.32; -1.24; 1.98; -0.56
30128; 0.62; 0.11; -10.24; -1.03; 2.29; -0.66
30153; 0.62; 0.0; -10.2; -0.47; 1.59; -0.63
30180; 0.68; -0.17; -10.13; -0.5; 1.43; -0.43
30205; 0.77; -0.09; -10.97; -0.1; 1.49; -0.76
30232; 0.92; 0.35; -8.19; -0.36; -1.21; -0.22
30258; 0.93; 0.58; -9.96; 0.4; 1.56; -0.27
30283; 0.78; 0.3; -9.39; -0.34; 1.49; -0.56
30316; 0.81; 0.07; -10.16; 0.36; 1.37; -0.21
30342; 1.15; 0.66; -8.13; 0.14; -0.46; -0.54
30368; 0.72; -0.2; -10.04; -1.18; 2.38; -0.68
30394; 0.95; 0.07; -9.58; -0.41; 0.81; -0.43
30420; 0.87; 0.07; -9.82; -0.65; 1.75; -0.49
30446; 1.0; 0.19; -9.3; -0.58; 1.3; -0.28
30473; 0.95; 0.51; -9.5; -0.5; 1.08; -0.14
30498; 0.76; 0.0; -10.45; -0.82; 1.74; -0.83
30525; 0.87; 0.02; -9.53; -0.38; 1.07; -0.63
30551; 0.94; 0.29; -9.52; -0.43; 1.35; -0.42
30577; 0.93; 0.16; -9.74; -0.72; 1.46; -0.48
30603; 0.88; 0.16; -9.83; -0.64; 1.43; -0.53
30636; 0.95; 0.41; -10.07; -0.82; 1.34; -0.5
30661; 0.92; 0.52; -9.41; -0.37; 1.11; -0.44
30688; 0.97; 0.48; -9.23; -0.73; 1.21; -0.37
30713; 1.05; -0.99; -10.25; -1.04; 1.33; -0.52
30740; 0.9; 0.18; -8.94; -0.14; 1.66; -0.53
30766; 0.85; -0.17; -9.49; -0.2; 1.22; -0.62
30791; 0.79; 0.21; -10.24; -0.72; 1.64; -0.54
30818; 0.76; 0.31; -9.99; -0.91; 2.0; -0.67
30843; 0.73; 0.4; -9.19; -0.6; 2.0; -0.72
30869; 0.99; 0.71; -9.6; -0.95; 1.4; -0.34
30896; 0.86; 0.66; -9.7; -0.49; 1.26; -0.36
30921; 0.82; 0.34; -9.4; -0.48; 2.08; -0.85
30947; 0.96; -0.03; -9.16; -0.61; 1.3; -0.69
30980; 0.78; 0.2; -9.66; -0.93; 1.46; -0.52
31005; 1.1; 0.28; -9.85; -0.24; 1.83; -0.56
31031; 0.86; -0.37; -10.33; -0.98; 1.53; -0.82
31057; 0.88; 0.02; -9.9; 0.21; 1.92; -0.14
31083; 0.92; 0.24; -9.55; -0.73; 1.45; -0.23
31110; 0.81; 0.4; -10.05; -0.78; 1.68; -0.43
31135; 1.0; 0.0; -9.83; -0.24; 1.73; -0.34
31161; 0.99; 0.08; -9.83; -0.92; 1.67; -0.39
31187; 0.91; -0.12; -9.74; -0.27; 1.44; -0.39
31213; 0.98; 0.32; -9.55; -0.39; 1.13; -0.29
31239; 0.96; 0.45; -9.48; -0.62; 1.18; -0.58
31265; 0.87; 0.12; -9.89; -0.72; 1.77; -0.59
31297; 1.02; 0.29; -9.6; -0.53; 1.61; -0.4
31323; 0.92; 0.26; -9.71; -0.49; 1.38; -0.31
31349; 0.97; 0.37; -9.7; -0.56; 1.62; -0.5
31375; 0.81; 0.27; -9.78; -0.62; 1.62; -0.53
31400; 0.79; 0.17; -9.73; -0.37; 1.43; -0.48
31427; 0.85; 0.09; -9.66; -0.67; 1.46; -0.39
31453; 0.89; 0.39; -9.68; -0.88; 1.48; -0.35
31478; 0.74; 0.08; -9.79; -0.42; 1.15; -0.63
31505; 0.98; 0.27; -9.72; -0.74; 1.11; -0.57
31546; 0.7; 0.23; -9.77; -0.63; 1.33; -0.37
31572; 0.86; 0.12; -9.82; -0.72; 1.44; -0.52
31598; 0.88; 0.17; -9.69; -0.46; 1.38; -0.4
31625; 0.78; 0.23; -9.65; -0.34; 1.38; -0.5
31656; 0.9; 0.14; -9.61; -0.63; 1.24; -0.65
31682; 0.8; 0.17; -9.72; -0.61; 1.34; -0.47
31709; 0.81; 0.24; -9.77; -0.53; 1.19; -0.41
31734; 0.86; 0.12; -9.66; -0.28; 1.14; -0.4
31761; 0.83; 0.15; -9.64; -0.5; 1.52; -0.53
31797; 0.68; 0.12; -9.79; -0.53; 1.54; -0.46
31823; 0.81; 0.16; -9.65; -0.72; 1.29; -0.52
31849; 0.77; 0.17; -9.68; -0.44; 1.29; -0.46
31876; 0.67; 0.28; -9.65; -0.54; 1.21; -0.52
31901; 0.79; 0.27; -9.73; -0.58; 1.37; -0.47
31928; 0.78; 0.24; -9.64; -0.73; 1.59; -0.5
31953; 0.77; 0.24; -9.69; -0.48; 1.41; -0.53
31986; 0.84; 0.18; -9.53; -0.63; 1.36; -0.5
32012; 0.79; 0.18; -9.65; -0.53; 1.27; -0.42
32037; 0.75; 0.17; -9.83; -0.47; 1.34; -0.61
32064; 0.75; 0.22; -9.71; -0.58; 1.16; -0.43
32090; 0.83; 0.28; -9.66; -0.55; 1.41; -0.48
32115; 0.81; 0.24; -9.64; -0.59; 1.43; -0.47
32142; 0.8; 0.25; -9.67; -0.65; 1.46; -0.33
32167; 0.82; 0.2; -9.72; -0.57; 1.49; -0.61
32193; 0.84; 0.17; -9.74; -0.58; 1.27; -0.6
32220; 0.86; 0.18; -9.67; -0.71; 1.35; -0.48
32245; 0.84; 0.31; -9.67; -0.44; 1.31; -0.4
32272; 0.87; 0.18; -9.67; -0.7; 1.35; -0.28
32297; 0.97; 0.2; -9.65; -0.45; 1.27; -0.36
32329; 0.99; 0.22; -9.64; -0.57; 1.27; -0.37
32355; 1.09; 0.21; -9.62; -0.42; 1.4; -0.43
32381; 0.94; 0.23; -9.65; -0.54; 1.27; -0.37
32407; 0.71; 0.27; -9.7; -0.6; 1.4; -0.63
32433; 0.71; 0.21; -9.68; -0.66; 1.43; -0.37
32459; 0.73; 0.21; -9.69; -0.44; 1.32; -0.4
32485; 0.75; 0.19; -9.67; -0.57; 1.29; -0.48
32510; 0.71; 0.21; -9.7; -0.63; 1.43; -0.37
32537; 0.72; 0.23; -9.68; -0.77; 1.17; -0.45
32563; 0.75; 0.21; -9.7; -0.61; 1.37; -0.54
32588; 0.75; 0.21; -9.7; -0.61; 1.37; -0.49
32615; 0.72; 0.22; -9.72; -0.57; 1.33; -0.47
32647; 0.74; 0.22; -9.68; -0.7; 1.4; -0.48
32672; 0.74; 0.19; -9.65; -0.51; 1.32; -0.45
32698; 0.76; 0.21; -9.7; -0.69; 1.17; -0.31
32724; 0.7; 0.2; -9.68; -0.53; 1.4; -0.46
32750; 0.76; 0.18; -9.73; -0.56; 1.37; -0.46
32776; 0.73; 0.2; -9.71; -0.51; 1.38; -0.47
32802; 0.72; 0.2; -9.71; -0.65; 1.37; -0.47
32828; 0.76; 0.23; -9.68; -0.53; 1.25; -0.5
32855; 0.75; 0.21; -9.66; -0.66; 1.38; -0.5
32880; 0.77; 0.24; -9.7; -0.63; 1.31; -0.41
32906; 0.7; 0.22; -9.67; -0.51; 1.48; -0.49
32931; 0.76; 0.19; -9.7; -0.56; 1.42; -0.34
32958; 0.72; 0.19; -9.7; -0.58; 1.3; -0.53
32990; 0.72; 0.24; -9.7; -0.62; 1.3; -0.57
33015; 0.72; 0.2; -9.71; -0.51; 1.37; -0.34
33042; 0.69; 0.22; -9.72; -0.6; 1.37; -0.6
33068; 0.75; 0.22; -9.71; -0.66; 1.49; -0.47
33094; 0.72; 0.23; -9.7; -0.43; 1.37; -0.39
33120; 0.76; 0.22; -9.7; -0.6; 1.38; -0.5
33146; 0.73; 0.23; -9.71; -0.52; 1.32; -0.44
33172; 0.74; 0.21; -9.73; -0.56; 1.34; -0.56
33199; 0.72; 0.23; -9.71; -0.47; 1.33; -0.36
33224; 0.73; 0.22; -9.7; -0.49; 1.2; -0.36
33251; 0.71; 0.22; -9.68; -0.37; 1.45; -0.56
33276; 0.75; 0.25; -9.68; -0.49; 1.36; -0.6
33308; 0.69; 0.2; -9.69; -0.53; 1.34; -0.37
33335; 0.73; 0.2; -9.71; -0.6; 1.34; -0.43
33360; 0.74; 0.22; -9.72; -0.63; 1.24; -0.47
33386; 0.74; 0.22; -9.71; -0.6; 1.37; -0.48
33413; 0.75; 0.2; -9.69; -0.51; 1.32; -0.35
33438; 0.72; 0.21; -9.7; -0.31; 1.4; -0.4
33464; 0.73; 0.24; -9.68; -0.6; 1.34; -0.4
33489; 0.71; 0.21; -9.69; -0.49; 1.37; -0.42
33516; 0.74; 0.21; -9.68; -0.59; 1.45; -0.4
33542; 0.75; 0.24; -9.71; -0.53; 1.54; -0.48
33567; 0.75; 0.21; -9.67; -0.53; 1.22; -0.47
33594; 0.75; 0.19; -9.68; -0.43; 1.34; -0.43
33619; 0.74; 0.22; -9.71; -0.53; 1.3; -0.35
33651; 0.74; 0.22; -9.68; -0.58; 1.49; -0.37
33677; 0.74; 0.17; -9.69; -0.65; 1.26; -0.57
33703; 0.75; 0.23; -9.7; -0.62; 1.34; -0.53
33729; 0.73; 0.2; -9.75; -0.53; 1.32; -0.53
33755; 0.71; 0.22; -9.72; -0.67; 1.37; -0.34
33781; 0.73; 0.2; -9.74; -0.7; 1.34; -0.53
33807; 0.69; 0.19; -9.7; -0.71; 1.56; -0.47
33832; 0.7; 0.2; -9.69; -0.65; 1.21; -0.56
33859; 0.72; 0.21; -9.67; -0.54; 1.33; -0.34
33885; 0.74; 0.21; -9.74; -0.56; 1.35; -0.47
33910; 0.71; 0.2; -9.7; -0.56; 1.24; -0.53
33936; 0.71; 0.21; -9.71; -0.56; 1.43; -0.44
33968; 0.77; 0.23; -9.71; -0.63; 1.42; -0.53
33994; 0.73; 0.2; -9.71; -0.48; 1.32; -0.41
34020; 0.72; 0.23; -9.7; -0.62; 1.48; -0.39
34045; 0.72; 0.22; -9.69; -0.48; 1.27; -0.53
34072; 0.74; 0.25; -9.67; -0.54; 1.4; -0.5
34098; 0.71; 0.21; -9.71; -0.52; 1.42; -0.43
34123; 0.71; 0.23; -9.71; -0.58; 1.41; -0.42
34149; 0.75; 0.22; -9.7; -0.65; 1.33; -0.52
34176; 0.7; 0.23; -9.67; -0.54; 1.33; -0.54
34201; 0.7; 0.2; -9.7; -0.53; 1.5; -0.45
34227; 0.74; 0.24; -9.68; -0.46; 1.44; -0.58
34253; 0.75; 0.2; -9.69; -0.56; 1.56; -0.41
34279; 0.69; 0.22; -9.71; -0.7; 1.46; -0.38
34311; 0.68; 0.22; -9.69; -0.46; 1.36; -0.46
34336; 0.72; 0.22; -9.7; -0.51; 1.31; -0.35
34363; 0.72; 0.21; -9.72; -0.34; 1.32; -0.41
34388; 0.75; 0.18; -9.69; -0.58; 1.28; -0.53
34415; 0.74; 0.22; -9.67; -0.42; 1.46; -0.54
34441; 0.74; 0.21; -9.7; -0.62; 1.35; -0.5
34466; 0.74; 0.22; -9.69; -0.49; 1.34; -0.43
34493; 0.72; 0.23; -9.65; -0.6; 1.37; -0.6
34519; 0.72; 0.21; -9.72; -0.66; 1.27; -0.48
34561; 0.73; 0.21; -9.7; -0.59; 1.3; -0.54
34587; 0.68; 0.29; -9.74; -0.5; 1.31; -0.54
34613; 0.74; 0.22; -9.66; -0.51; 1.45; -0.5
34646; 0.74; 0.2; -9.68; -0.66; 1.27; -0.56
34671; 0.72; 0.22; -9.7; -0.6; 1.5; -0.43
34697; 0.72; 0.21; -9.69; -0.59; 1.27; -0.51
34723; 0.71; 0.21; -9.68; -0.39; 1.52; -0.47
34749; 0.7; 0.19; -9.69; -0.6; 1.32; -0.41
34775; 0.74; 0.23; -9.7; -0.4; 1.38; -0.53
34800; 0.75; 0.23; -9.7; -0.38; 1.34; -0.5
34827; 0.74; 0.17; -9.69; -0.6; 1.34; -0.35
34852; 0.7; 0.26; -9.67; -0.65; 1.19; -0.57
34878; 0.74; 0.21; -9.67; -0.56; 1.35; -0.57
34904; 0.76; 0.21; -9.7; -0.69; 1.39; -0.59
34929; 0.71; 0.24; -9.7; -0.69; 1.18; -0.38
34956; 0.71; 0.18; -9.72; -0.66; 1.27; -0.5
34997; 0.73; 0.21; -9.69; -0.48; 1.37; -0.5
35023; 0.71; 0.23; -9.7; -0.65; 1.24; -0.5
35049; 0.69; 0.26; -9.69; -0.56; 1.31; -0.51
35076; 0.75; 0.22; -9.7; -0.46; 1.38; -0.48
35101; 0.72; 0.19; -9.68; -0.66; 1.53; -0.56
35127; 0.72; 0.2; -9.73; -0.56; 1.37; -0.54
35153; 0.71; 0.21; -9.7; -0.54; 1.37; -0.46
35179; 0.69; 0.2; -9.67; -0.52; 1.39; -0.5
35205; 0.72; 0.19; -9.7; -0.59; 1.3; -0.37
35231; 0.7; 0.23; -9.7; -0.43; 1.34; -0.43
35257; 0.72; 0.24; -9.68; -0.54; 1.43; -0.56
35282; 0.72; 0.21; -9.72; -0.54; 1.31; -0.41
35325; 0.71; 0.21; -9.69; -0.6; 1.34; -0.51
35351; 0.6; 0.19; -9.73; -0.6; 1.25; -0.41
35378; 0.39; 0.2; -9.74; -0.53; 1.28; -0.6
35403; 0.41; 0.23; -9.73; -0.6; 1.47; -0.44
35429; 0.4; 0.23; -9.7; -0.43; 1.4; -0.4
35456; 0.54; 0.21; -9.71; -0.6; 1.22; -0.53
35481; 0.41; 0.22; -9.78; -0.58; 1.34; -0.49
35507; 0.43; 0.19; -9.7; -0.53; 1.3; -0.45
35533; 0.31; 0.2; -9.81; -0.53; 1.35; -0.47
35559; 0.48; 0.22; -9.75; -0.55; 1.3; -0.42
35585; 0.58; 0.22; -9.55; -0.38; 1.3; -0.55
35611; 0.47; 0.19; -9.68; -0.52; 1.3; -0.4
35637; 0.52; 0.15; -9.79; -0.62; 1.26; -0.67
35668; 0.59; 0.19; -9.47; -0.55; 1.18; -0.25
35695; 0.57; 0.16; -9.77; -0.47; 1.19; -0.6
35721; 0.56; 0.23; -9.75; -0.56; 1.54; -0.42
35747; 0.7; 0.14; -9.54; -0.5; 1.23; -0.38
35774; 0.59; 0.23; -9.69; -0.52; 1.55; -0.24
35800; 0.66; 0.19; -9.62; -0.74; 1.31; -0.41
35826; 0.65; 0.34; -9.79; -0.82; 1.4; -0.53
35853; 0.75; 0.2; -9.86; -0.5; 1.52; -0.55
35879; 0.67; 0.27; -9.6; -0.66; 1.23; -0.56
35905; 0.78; 0.08; -9.51; -0.72; 1.37; -0.55
35932; 0.76; 0.21; -9.64; -0.37; 1.6; -0.25
35958; 0.68; 0.22; -9.85; -0.61; 1.25; -0.4
35990; 0.73; 0.22; -9.71; -0.54; 1.3; -0.59
36017; 0.69; 0.24; -9.67; -0.96; 1.46; -0.47
36042; 0.68; 0.2; -9.72; -0.49; 1.28; -0.64
36069; 0.62; 0.13; -9.69; -0.52; 1.53; -0.5
36094; 0.69; 0.31; -9.55; -0.45; 1.31; -0.49
36121; 0.67; 0.45; -9.52; -0.58; 1.24; -0.3
36147; 0.66; 0.3; -9.71; -0.61; 1.34; -0.54
36173; 0.67; 0.1; -10.02; -0.47; 1.24; -0.68
36199; 0.72; 0.02; -9.61; -0.62; 1.32; -0.37
36226; 0.7; 0.04; -9.68; -0.43; 1.4; -0.34
36251; 0.77; 0.32; -9.62; -0.69; 1.27; -0.43
36278; 0.82; 0.38; -9.65; -0.49; 1.44; -0.48
36310; 0.76; 0.17; -9.7; -0.52; 1.23; -0.61
36335; 0.69; -0.05; -9.86; -0.62; 1.53; -0.31
36362; 0.7; 0.15; -9.72; -0.67; 1.49; -0.31
36388; 0.73; 0.25; -9.88; -0.68; 1.3; -0.61
36414; 0.55; 0.31; -9.87; -0.67; 1.22; -0.5
36441; 0.77; 0.26; -9.59; -0.6; 1.8; -0.34
36466; 0.91; 0.18; -9.37; -0.25; 1.45; -0.55
36493; 0.76; 0.04; -9.75; -0.52; 1.24; -0.54
36518; 0.9; -0.04; -9.68; -0.34; 1.33; -0.76
36545; 0.7; 0.12; -9.71; -0.55; 1.22; -0.48
36571; 0.64; 0.36; -9.67; -0.61; 1.36; -0.53
36597; 0.66; 0.28; -9.38; -0.45; 1.05; -0.37
36623; 0.8; 0.29; -9.57; -0.69; 1.16; -0.42
36655; 0.73; 0.13; -9.91; -0.62; 1.58; -0.5
36681; 0.75; 0.09; -9.78; -0.73; 1.36; -0.67
36707; 0.81; 0.25; -9.64; -0.85; 1.31; -0.45
36733; 0.84; 0.17; -9.63; -0.55; 1.46; -0.45
36759; 0.7; 0.26; -9.67; -0.49; 1.86; -0.33
36786; 0.86; 0.19; -9.5; -0.5; 1.33; -0.4
36811; 0.92; 0.17; -9.63; -0.48; 1.2; -0.47
36838; 0.87; 0.23; -9.6; -0.56; 1.25; -0.62
36864; 1.0; 0.12; -9.58; -0.41; 1.18; -0.41
36890; 0.87; 0.15; -9.8; -0.53; 1.37; -0.37
36916; 0.86; 0.1; -9.74; -0.55; 1.3; -0.47
36941; 0.86; 0.21; -9.73; -0.67; 1.32; -0.59
36974; 0.81; 0.32; -9.92; -0.82; 1.32; -0.44
37000; 0.82; 0.09; -9.75; -0.66; 1.36; -0.57
37026; 0.88; 0.21; -9.62; -0.53; 1.3; -0.48
37053; 0.79; 0.12; -9.81; -0.55; 1.43; -0.4
37079; 0.82; 0.26; -9.73; -0.68; 1.34; -0.43
37105; 0.78; 0.26; -9.46; -0.43; 1.22; -0.49
37132; 0.73; 0.28; -9.67; -0.66; 1.37; -0.44
37157; 0.69; 0.23; -9.71; -0.76; 1.5; -0.42
37184; 0.72; 0.19; -9.92; -0.8; 1.56; -0.46
37210; 0.69; 0.2; -9.78; -0.55; 1.38; -0.49
37236; 0.71; 0.24; -9.63; -0.53; 1.43; -0.53
37263; 0.76; 0.21; -9.53; -0.44; 1.11; -0.47
37288; 0.7; 0.24; -9.62; -0.67; 1.43; -0.33
37321; 0.67; 0.17; -9.64; -0.56; 1.27; -0.59
37347; 0.63; 0.23; -9.83; -0.66; 1.59; -0.62
37373; 0.7; 0.2; -9.61; -0.53; 1.2; -0.47
37399; 0.69; 0.24; -9.55; -0.54; 1.37; -0.38
37426; 0.81; 0.2; -9.67; -0.66; 1.43; -0.59
37451; 0.75; 0.15; -9.65; -0.55; 1.29; -0.66
37478; 0.86; 0.21; -9.58; -0.52; 1.19; -0.51
37504; 0.8; 0.25; -9.7; -0.62; 1.27; -0.24
37530; 0.8; 0.2; -9.73; -0.63; 1.35; -0.48
37556; 0.82; 0.14; -9.73; -0.57; 1.34; -0.54
37598; 0.82; 0.24; -9.64; -0.72; 1.45; -0.55
37624; 0.82; 0.18; -9.7; -0.62; 1.34; -0.47
37656; 0.88; 0.24; -9.72; -0.6; 1.43; -0.52
37682; 0.87; 0.18; -9.76; -0.55; 1.5; -0.4
37708; 0.91; 0.17; -9.74; -0.51; 1.37; -0.62
37734; 0.85; 0.25; -9.7; -0.53; 1.39; -0.43
37761; 0.92; 0.16; -9.61; -0.56; 1.36; -0.57
37786; 0.93; 0.22; -9.66; -0.5; 1.43; -0.51
37813; 0.84; 0.22; -9.7; -0.48; 1.43; -0.47
37838; 1.09; 0.19; -9.67; -0.59; 1.56; -0.58
37865; 1.06; 0.23; -9.67; -0.54; 1.34; -0.45
37891; 0.58; 0.19; -9.74; -0.64; 1.27; -0.55
37917; 0.7; 0.2; -9.66; -0.62; 1.34; -0.62
37943; 0.75; 0.2; -9.68; -0.57; 1.34; -0.49
37969; 0.71; 0.19; -9.69; -0.6; 1.4; -0.42
38001; 0.71; 0.18; -9.73; -0.49; 1.36; -0.57
38027; 0.73; 0.22; -9.67; -0.61; 1.28; -0.38
38053; 0.73; 0.21; -9.66; -0.54; 1.42; -0.46
38079; 0.71; 0.21; -9.65; -0.68; 1.38; -0.46
38106; 0.77; 0.22; -9.68; -0.54; 1.26; -0.43
38131; 0.72; 0.24; -9.67; -0.72; 1.53; -0.53
38157; 0.7; 0.2; -9.68; -0.5; 1.3; -0.54
38183; 0.71; 0.19; -9.69; -0.58; 1.44; -0.49
38219; 0.75; 0.23; -9.7; -0.51; 1.45; -0.43
38246; 0.73; 0.22; -9.69; -0.56; 1.46; -0.4
38272; 0.69; 0.22; -9.67; -0.53; 1.51; -0.31
38298; 0.71; 0.22; -9.72; -0.5; 1.31; -0.5
38330; 0.76; 0.23; -9.71; -0.57; 1.4; -0.45
38356; 0.77; 0.23; -9.7; -0.54; 1.46; -0.42
38383; 0.71; 0.23; -9.71; -0.5; 1.5; -0.47
38409; 0.7; 0.23; -9.69; -0.57; 1.48; -0.4
38435; 0.77; 0.22; -9.69; -0.51; 1.35; -0.43
38462; 0.76; 0.23; -9.68; -0.7; 1.41; -0.44
38488; 0.73; 0.24; -9.71; -0.56; 1.54; -0.45
38514; 0.67; 0.17; -9.71; -0.65; 1.33; -0.44
38541; 0.74; 0.24; -9.69; -0.64; 1.57; -0.57
38566; 0.71; 0.19; -9.7; -0.78; 1.41; -0.53
38593; 0.72; 0.21; -9.69; -0.5; 1.28; -0.34
38620; 0.71; 0.22; -9.69; -0.55; 1.42; -0.54
38645; 0.67; 0.23; -9.68; -0.54; 1.37; -0.53
38678; 0.73; 0.17; -9.7; -0.54; 1.38; -0.41
38704; 0.76; 0.23; -9.68; -0.69; 1.39; -0.63
38730; 0.78; 0.21; -9.68; -0.56; 1.29; -0.51
38756; 0.72; 0.24; -9.71; -0.52; 1.39; -0.56
38782; 0.74; 0.19; -9.69; -0.69; 1.37; -0.49
38808; 0.75; 0.22; -9.73; -0.68; 1.4; -0.56
38835; 0.74; 0.18; -9.73; -0.69; 1.37; -0.41
38860; 0.73; 0.19; -9.67; -0.63; 1.34; -0.54
38887; 0.72; 0.22; -9.7; -0.49; 1.37; -0.5
38913; 0.73; 0.17; -9.69; -0.62; 1.47; -0.49
38939; 0.7; 0.21; -9.71; -0.59; 1.41; -0.37
38965; 0.73; 0.22; -9.68; -0.56; 1.35; -0.27
38998; 0.76; 0.2; -9.72; -0.53; 1.38; -0.46
39023; 0.73; 0.23; -9.66; -0.62; 1.28; -0.56
39050; 0.74; 0.23; -9.67; -0.54; 1.32; -0.6
39075; 0.74; 0.18; -9.73; -0.49; 1.28; -0.45
39102; 0.73; 0.19; -9.71; -0.43; 1.46; -0.6
39128; 0.72; 0.21; -9.64; -0.68; 1.37; -0.51
39154; 0.73; 0.21; -9.75; -0.7; 1.47; -0.57
39180; 0.77; 0.22; -9.69; -0.53; 1.41; -0.43
39206; 0.76; 0.19; -9.67; -0.53; 1.43; -0.55
39232; 0.71; 0.23; -9.67; -0.61; 1.39; -0.52
39259; 0.75; 0.22; -9.67; -0.57; 1.47; -0.39
39284; 0.71; 0.16; -9.72; -0.48; 1.46; -0.48
39311; 0.74; 0.2; -9.72; -0.5; 1.32; -0.43
39343; 0.76; 0.2; -9.71; -0.47; 1.27; -0.43
39368; 0.72; 0.19; -9.7; -0.5; 1.28; -0.55
39395; 0.76; 0.19; -9.7; -0.56; 1.22; -0.53
39420; 0.7; 0.18; -9.69; -0.6; 1.34; -0.47
39447; 0.7; 0.21; -9.69; -0.64; 1.49; -0.47
39473; 0.76; 0.22; -9.7; -0.6; 1.22; -0.58
39499; 0.73; 0.16; -9.69; -0.5; 1.41; -0.53
39525; 0.73; 0.18; -9.68; -0.5; 1.45; -0.4
39552; 0.76; 0.23; -9.71; -0.49; 1.38; -0.46
39577; 0.74; 0.23; -9.75; -0.59; 1.28; -0.48
39604; 0.72; 0.21; -9.7; -0.82; 1.31; -0.53
39629; 0.76; 0.22; -9.67; -0.51; 1.49; -0.5
39662; 0.75; 0.21; -9.72; -0.66; 1.43; -0.54
39688; 0.75; 0.24; -9.69; -0.5; 1.35; -0.57
39714; 0.74; 0.21; -9.67; -0.47; 1.32; -0.47
39740; 0.74; 0.23; -9.69; -0.61; 1.24; -0.56
39767; 0.78; 0.22; -9.67; -0.6; 1.43; -0.45
39793; 0.74; 0.25; -9.74; -0.45; 1.35; -0.39
39819; 0.74; 0.24; -9.71; -0.51; 1.22; -0.53
39845; 0.7; 0.23; -9.69; -0.7; 1.39; -0.47
39871; 0.71; 0.22; -9.69; -0.63; 1.34; -0.25
39898; 0.76; 0.23; -9.72; -0.55; 1.3; -0.57
39924; 0.69; 0.23; -9.67; -0.47; 1.37; -0.46
39950; 0.73; 0.24; -9.68; -0.61; 1.21; -0.5
39976; 0.77; 0.2; -9.71; -0.68; 1.43; -0.44
40008; 0.7; 0.22; -9.67; -0.52; 1.51; -0.28
40035; 0.72; 0.2; -9.74; -0.45; 1.47; -0.43
40060; 0.75; 0.24; -9.7; -0.56; 1.32; -0.5
40087; 0.74; 0.21; -9.68; -0.48; 1.3; -0.4
40113; 0.76; 0.21; -9.71; -0.49; 1.51; -0.36
40139; 0.7; 0.21; -9.68; -0.53; 1.46; -0.37
40165; 0.74; 0.25; -9.68; -0.55; 1.3; -0.44
40190; 0.71; 0.26; -9.7; -0.49; 1.4; -0.41
40217; 0.73; 0.22; -9.71; -0.61; 1.56; -0.53
40243; 0.72; 0.21; -9.71; -0.63; 1.21; -0.57
40269; 0.74; 0.23; -9.67; -0.69; 1.36; -0.6
40295; 0.74; 0.19; -9.64; -0.63; 1.33; -0.45
40327; 0.73; 0.17; -9.66; -0.43; 1.4; -0.58
40353; 0.75; 0.2; -9.67; -0.52; 1.43; -0.45
40379; 0.72; 0.21; -9.68; -0.57; 1.38; -0.43
40406; 0.73; 0.23; -9.7; -0.48; 1.35; -0.42
40431; 0.76; 0.21; -9.67; -0.54; 1.4; -0.6
40458; 0.72; 0.16; -9.71; -0.71; 1.38; -0.41
40483; 0.7; 0.2; -9.7; -0.56; 1.31; -0.52
40510; 0.72; 0.22; -9.71; -0.59; 1.52; -0.46
40536; 0.7; 0.19; -9.69; -0.63; 1.5; -0.52
40561; 0.73; 0.21; -9.73; -0.6; 1.39; -0.55
40588; 0.73; 0.21; -9.7; -0.49; 1.32; -0.53
40630; 0.7; 0.2; -9.69; -0.65; 1.29; -0.45
40655; 0.72; 0.19; -9.66; -0.51; 1.47; -0.56
40687; 0.72; 0.23; -9.69; -0.67; 1.4; -0.6
40714; 0.74; 0.23; -9.67; -0.61; 1.46; -0.47
40739; 0.74; 0.2; -9.71; -0.53; 1.28; -0.51
40766; 0.71; 0.22; -9.72; -0.4; 1.4; -0.49
40792; 0.74; 0.19; -9.67; -0.51; 1.41; -0.52
40818; 0.71; 0.22; -9.71; -0.55; 1.14; -0.55
40844; 0.77; 0.18; -9.71; -0.52; 1.39; -0.48
40870; 0.74; 0.19; -9.68; -0.4; 1.25; -0.47
40896; 0.72; 0.19; -9.68; -0.6; 1.53; -0.39
40922; 0.75; 0.22; -9.7; -0.59; 1.23; -0.44
40948; 0.72; 0.22; -9.68; -0.5; 1.4; -0.59
40974; 0.75; 0.23; -9.7; -0.7; 1.23; -0.61
41007; 0.71; 0.2; -9.71; -0.5; 1.27; -0.43
41032; 0.73; 0.25; -9.71; -0.55; 1.53; -0.44
41059; 0.73; 0.22; -9.71; -0.41; 1.48; -0.43
41084; 0.7; 0.23; -9.72; -0.49; 1.39; -0.5
41111; 0.74; 0.2; -9.73; -0.6; 1.21; -0.58
41137; 0.74; 0.2; -9.69; -0.55; 1.39; -0.44
41163; 0.73; 0.22; -9.73; -0.5; 1.36; -0.45
41189; 0.75; 0.22; -9.69; -0.57; 1.37; -0.47
41216; 0.7; 0.22; -9.68; -0.56; 1.4; -0.45
41242; 0.72; 0.2; -9.74; -0.48; 1.52; -0.42
41268; 0.76; 0.19; -9.73; -0.48; 1.43; -0.53
41294; 0.76; 0.19; -9.68; -0.5; 1.57; -0.52
41320; 0.71; 0.24; -9.69; -0.54; 1.33; -0.55
41353; 0.74; 0.2; -9.67; -0.56; 1.29; -0.54
41378; 0.7; 0.24; -9.68; -0.45; 1.37; -0.5
41414; 0.72; 0.2; -9.69; -0.63; 1.43; -0.38
41441; 0.76; 0.24; -9.72; -0.46; 1.19; -0.5
41466; 0.7; 0.2; -9.7; -0.63; 1.28; -0.49
41493; 0.73; 0.21; -9.69; -0.64; 1.37; -0.56
41519; 0.72; 0.23; -9.69; -0.57; 1.45; -0.65
41545; 0.75; 0.23; -9.72; -0.43; 1.37; -0.34
41571; 0.73; 0.19; -9.71; -0.5; 1.37; -0.41
41597; 0.75; 0.21; -9.72; -0.51; 1.42; -0.55
41623; 0.7; 0.21; -9.69; -0.63; 1.34; -0.6
41650; 0.71; 0.21; -9.69; -0.29; 1.49; -0.51
41681; 0.75; 0.21; -9.67; -0.75; 1.22; -0.34
41707; 0.75; 0.26; -9.75; -0.32; 1.37; -0.41
41734; 0.74; 0.17; -9.7; -0.57; 1.41; -0.43
41759; 0.75; 0.21; -9.69; -0.54; 1.34; -0.4
41785; 0.74; 0.23; -9.69; -0.6; 1.4; -0.39
41811; 0.74; 0.22; -9.69; -0.53; 1.37; -0.53
41837; 0.71; 0.21; -9.71; -0.56; 1.32; -0.37
41864; 0.74; 0.24; -9.7; -0.61; 1.41; -0.45
41889; 0.76; 0.19; -9.71; -0.59; 1.61; -0.4
41916; 0.73; 0.22; -9.73; -0.55; 1.13; -0.53
41942; 0.73; 0.23; -9.67; -0.59; 1.18; -0.47
41967; 0.75; 0.2; -9.68; -0.41; 1.4; -0.57
41994; 0.72; 0.2; -9.73; -0.72; 1.35; -0.39
42025; 0.73; 0.21; -9.67; -0.49; 1.32; -0.65
42052; 0.75; 0.23; -9.65; -0.34; 1.37; -0.54
42078; 0.74; 0.24; -9.7; -0.69; 1.4; -0.47
42103; 0.73; 0.25; -9.75; -0.64; 1.56; -0.6
42130; 0.74; 0.21; -9.69; -0.42; 1.17; -0.41
42156; 0.73; 0.22; -9.64; -0.59; 1.52; -0.52
42182; 0.76; 0.21; -9.68; -0.45; 1.37; -0.44
42208; 0.75; 0.19; -9.69; -0.5; 1.43; -0.37
42233; 0.71; 0.19; -9.7; -0.4; 1.43; -0.6
42260; 0.72; 0.22; -9.72; -0.47; 1.46; -0.33
42286; 0.77; 0.24; -9.65; -0.61; 1.37; -0.34
42312; 0.7; 0.2; -9.65; -0.51; 1.42; -0.49
42344; 0.72; 0.23; -9.68; -0.57; 1.27; -0.43
42370; 0.71; 0.24; -9.7; -0.56; 1.63; -0.53
42396; 0.72; 0.25; -9.73; -0.5; 1.43; -0.61
42422; 0.73; 0.23; -9.68; -0.52; 1.46; -0.48
42448; 0.74; 0.25; -9.71; -0.53; 1.35; -0.39
42475; 0.69; 0.18; -9.7; -0.66; 1.43; -0.46
42501; 0.7; 0.23; -9.72; -0.72; 1.49; -0.51
42527; 0.74; 0.22; -9.66; -0.63; 1.26; -0.43
42553; 0.76; 0.2; -9.71; -0.6; 1.41; -0.41
42579; 0.73; 0.22; -9.71; -0.4; 1.31; -0.53
42605; 0.7; 0.24; -9.7; -0.46; 1.59; -0.3
42632; 0.72; 0.21; -9.67; -0.59; 1.34; -0.56
42657; 0.71; 0.26; -9.72; -0.55; 1.27; -0.5
42690; 0.7; 0.22; -9.68; -0.66; 1.32; -0.58
42716; 0.72; 0.22; -9.71; -0.57; 1.34; -0.45
42742; 0.73; 0.21; -9.68; -0.73; 1.3; -0.37
42768; 0.7; 0.2; -9.71; -0.47; 1.39; -0.49
42795; 0.75; 0.22; -9.71; -0.53; 1.36; -0.42
42820; 0.72; 0.22; -9.67; -0.48; 1.36; -0.62
42846; 0.72; 0.21; -9.68; -0.54; 1.31; -0.39
42872; 0.73; 0.2; -9.75; -0.53; 1.25; -0.42
42898; 0.76; 0.2; -9.67; -0.54; 1.35; -0.5
42924; 0.72; 0.21; -9.68; -0.35; 1.43; -0.51
42950; 0.72; 0.23; -9.7; -0.71; 1.34; -0.57
42976; 0.74; 0.2; -9.67; -0.56; 1.4; -0.43
43008; 0.75; 0.18; -9.7; -0.57; 1.34; -0.43
43034; 0.73; 0.22; -9.69; -0.56; 1.37; -0.53
43060; 0.71; 0.21; -9.69; -0.6; 1.39; -0.42
43086; 0.7; 0.2; -9.69; -0.49; 1.39; -0.5
43112; 0.68; 0.21; -9.66; -0.45; 1.45; -0.45
43138; 0.72; 0.22; -9.72; -0.5; 1.48; -0.56
43164; 0.73; 0.21; -9.69; -0.59; 1.21; -0.54
43190; 0.71; 0.23; -9.67; -0.61; 1.43; -0.48
43215; 0.74; 0.19; -9.7; -0.49; 1.35; -0.63
43242; 0.72; 0.19; -9.71; -0.57; 1.32; -0.46
43268; 0.74; 0.22; -9.68; -0.49; 1.32; -0.6
43294; 0.74; 0.2; -9.69; -0.45; 1.43; -0.61
43320; 0.71; 0.21; -9.66; -0.63; 1.18; -0.39
43352; 0.73; 0.21; -9.67; -0.45; 1.52; -0.54
43377; 0.76; 0.23; -9.7; -0.63; 1.32; -0.45
43404; 0.72; 0.22; -9.71; -0.5; 1.3; -0.58
43429; 0.74; 0.22; -9.72; -0.57; 1.32; -0.51
43455; 0.74; 0.22; -9.71; -0.58; 1.32; -0.37
43482; 0.75; 0.2; -9.68; -0.63; 1.3; -0.56
43507; 0.72; 0.25; -9.71; -0.58; 1.24; -0.52
43533; 0.74; 0.22; -9.71; -0.61; 1.43; -0.44
43559; 0.74; 0.2; -9.72; -0.69; 1.64; -0.48
43585; 0.75; 0.19; -9.68; -0.58; 1.38; -0.49
43612; 0.72; 0.19; -9.71; -0.48; 1.37; -0.42
43653; 0.74; 0.18; -9.68; -0.67; 1.32; -0.46
43684; 0.75; 0.24; -9.67; -0.63; 1.24; -0.5
43711; 0.78; 0.21; -9.7; -0.54; 1.33; -0.46
43737; 0.74; 0.21; -9.65; -0.45; 1.28; -0.47
43763; 0.73; 0.22; -9.71; -0.51; 1.36; -0.41
43790; 0.74; 0.19; -9.71; -0.69; 1.32; -0.65
43815; 0.71; 0.2; -9.68; -0.5; 1.44; -0.38
43842; 0.74; 0.24; -9.7; -0.44; 1.43; -0.43
43868; 0.72; 0.22; -9.66; -0.47; 1.34; -0.66
43894; 0.73; 0.23; -9.68; -0.55; 1.37; -0.26
43920; 0.74; 0.2; -9.69; -0.54; 1.22; -0.42
43947; 0.72; 0.22; -9.7; -0.57; 1.38; -0.59
43972; 0.72; 0.25; -9.7; -0.49; 1.38; -0.47
43999; 0.72; 0.21; -9.71; -0.5; 1.46; -0.64
44030; 0.7; 0.22; -9.7; -0.59; 1.43; -0.53
44057; 0.7; 0.19; -9.69; -0.79; 1.4; -0.53
44083; 0.74; 0.23; -9.72; -0.72; 1.29; -0.41
44108; 0.75; 0.22; -9.74; -0.72; 1.39; -0.58
44134; 0.72; 0.24; -9.71; -0.47; 1.44; -0.58
44161; 0.75; 0.2; -9.72; -0.61; 1.38; -0.42
44186; 0.75; 0.21; -9.74; -0.51; 1.29; -0.51
44212; 0.74; 0.19; -9.67; -0.57; 1.38; -0.54
44238; 0.73; 0.26; -9.7; -0.6; 1.35; -0.43
44264; 0.75; 0.22; -9.72; -0.82; 1.24; -0.59
44290; 0.69; 0.21; -9.7; -0.54; 1.37; -0.43
44316; 0.72; 0.23; -9.69; -0.69; 1.35; -0.47
44348; 0.68; 0.24; -9.68; -0.53; 1.37; -0.42
44374; 0.74; 0.21; -9.7; -0.39; 1.45; -0.42
44400; 0.73; 0.2; -9.71; -0.52; 1.41; -0.52
44426; 0.74; 0.24; -9.68; -0.66; 1.36; -0.45
44452; 0.74; 0.2; -9.68; -0.45; 1.45; -0.44
44478; 0.72; 0.21; -9.72; -0.67; 1.31; -0.45
44504; 0.71; 0.25; -9.67; -0.58; 1.45; -0.58
44530; 0.75; 0.23; -9.71; -0.56; 1.34; -0.43
44556; 0.75; 0.21; -9.67; -0.47; 1.46; -0.51
44581; 0.73; 0.24; -9.67; -0.49; 1.24; -0.55
44618; 0.72; 0.2; -9.71; -0.57; 1.45; -0.37
44644; 0.75; 0.18; -9.68; -0.6; 1.5; -0.49
44669; 0.72; 0.22; -9.72; -0.6; 1.24; -0.53
44702; 0.72; 0.21; -9.67; -0.61; 1.27; -0.44
44728; 0.73; 0.2; -9.71; -0.59; 1.26; -0.5
44753; 0.73; 0.25; -9.69; -0.56; 1.36; -0.47
44780; 0.76; 0.23; -9.71; -0.52; 1.37; -0.48
44806; 0.73; 0.25; -9.7; -0.6; 1.4; -0.46
44831; 0.72; 0.2; -9.73; -0.58; 1.34; -0.42
44858; 0.73; 0.22; -9.7; -0.54; 1.32; -0.47
44883; 0.69; 0.18; -9.68; -0.47; 1.3; -0.5
44909; 0.73; 0.2; -9.69; -0.62; 1.37; -0.53
44936; 0.71; 0.22; -9.72; -0.58; 1.35; -0.52
44961; 0.73; 0.26; -9.68; -0.65; 1.29; -0.47
44987; 0.73; 0.21; -9.71; -0.6; 1.28; -0.5
45019; 0.73; 0.23; -9.71; -0.69; 1.37; -0.44
45045; 0.73; 0.23; -9.73; -0.55; 1.24; -0.53
45071; 0.73; 0.21; -9.69; -0.5; 1.41; -0.4
45097; 0.77; 0.18; -9.72; -0.5; 1.36; -0.51
45123; 0.73; 0.21; -9.72; -0.63; 1.36; -0.47
45150; 0.72; 0.22; -9.72; -0.59; 1.49; -0.34
45175; 0.75; 0.26; -9.76; -0.53; 1.52; -0.63
45202; 0.73; 0.19; -9.72; -0.62; 1.34; -0.5
45228; 0.76; 0.2; -9.69; -0.73; 1.39; -0.57
45254; 0.74; 0.23; -9.75; -0.48; 1.31; -0.48
45280; 0.75; 0.24; -9.69; -0.48; 1.44; -0.43
45306; 0.73; 0.2; -9.69; -0.6; 1.25; -0.6
45332; 0.77; 0.2; -9.67; -0.65; 1.39; -0.41
45364; 0.74; 0.24; -9.68; -0.61; 1.33; -0.4
45390; 0.71; 0.22; -9.71; -0.67; 1.37; -0.46
45416; 0.69; 0.25; -9.72; -0.54; 1.59; -0.56
45442; 0.73; 0.23; -9.7; -0.66; 1.35; -0.44
45468; 0.72; 0.23; -9.69; -0.54; 1.43; -0.56
45494; 0.74; 0.24; -9.67; -0.55; 1.35; -0.49
45519; 0.72; 0.23; -9.67; -0.65; 1.4; -0.5
45545; 0.73; 0.23; -9.72; -0.67; 1.34; -0.37
45572; 0.74; 0.23; -9.71; -0.52; 1.24; -0.34
45597; 0.7; 0.25; -9.68; -0.58; 1.64; -0.45
45623; 0.75; 0.21; -9.67; -0.48; 1.24; -0.4
45648; 0.72; 0.26; -9.69; -0.47; 1.36; -0.64
45681; 0.7; 0.18; -9.73; -0.34; 1.34; -0.43
45707; 0.74; 0.22; -9.67; -0.43; 1.39; -0.52
45732; 0.7; 0.23; -9.71; -0.63; 1.41; -0.43
45758; 0.72; 0.22; -9.7; -0.7; 1.46; -0.39
45785; 0.73; 0.22; -9.75; -0.55; 1.26; -0.43
45810; 0.77; 0.19; -9.71; -0.31; 1.4; -0.45
45836; 0.75; 0.21; -9.7; -0.53; 1.42; -0.53
45862; 0.7; 0.22; -9.68; -0.54; 1.31; -0.32
45888; 0.74; 0.23; -9.66; -0.4; 1.4; -0.49
45914; 0.73; 0.25; -9.69; -0.6; 1.3; -0.5
45939; 0.71; 0.24; -9.7; -0.52; 1.34; -0.56
45966; 0.73; 0.23; -9.7; -0.63; 1.6; -0.51
45991; 0.72; 0.22; -9.67; -0.5; 1.35; -0.47
46023; 0.69; 0.2; -9.68; -0.66; 1.36; -0.37
46049; 0.74; 0.25; -9.71; -0.55; 1.47; -0.44
46074; 0.73; 0.2; -9.7; -0.54; 1.48; -0.57
46101; 0.77; 0.18; -9.68; -0.67; 1.28; -0.48
46127; 0.73; 0.23; -9.69; -0.53; 1.23; -0.45
46152; 0.74; 0.22; -9.68; -0.57; 1.34; -0.34
46179; 0.74; 0.23; -9.71; -0.6; 1.37; -0.49
46204; 0.76; 0.26; -9.67; -0.59; 1.48; -0.47
46230; 0.69; 0.21; -9.67; -0.53; 1.36; -0.39
46257; 0.72; 0.23; -9.69; -0.63; 1.4; -0.5
46282; 0.73; 0.23; -9.72; -0.5; 1.34; -0.56
46308; 0.71; 0.18; -9.71; -0.62; 1.32; -0.62
46340; 0.72; 0.19; -9.68; -0.64; 1.5; -0.4
46366; 0.74; 0.21; -9.72; -0.56; 1.44; -0.53
46393; 0.72; 0.19; -9.69; -0.6; 1.23; -0.45
46418; 0.74; 0.21; -9.69; -0.47; 1.37; -0.38
46445; 0.72; 0.23; -9.7; -0.67; 1.3; -0.41
46472; 0.73; 0.21; -9.67; -0.56; 1.34; -0.47
46497; 0.72; 0.22; -9.69; -0.61; 1.4; -0.61
46524; 0.7; 0.2; -9.67; -0.56; 1.28; -0.44
46551; 0.72; 0.19; -9.7; -0.47; 1.37; -0.43
46576; 0.74; 0.22; -9.72; -0.6; 1.36; -0.52
46603; 0.73; 0.2; -9.72; -0.65; 1.4; -0.46
46629; 0.71; 0.23; -9.7; -0.67; 1.44; -0.59
46671; 0.68; 0.2; -9.71; -0.54; 1.56; -0.41
46703; 0.75; 0.21; -9.71; -0.5; 1.24; -0.51
46730; 0.78; 0.22; -9.7; -0.58; 1.27; -0.56
46756; 0.71; 0.19; -9.7; -0.56; 1.34; -0.5
46782; 0.73; 0.2; -9.73; -0.62; 1.44; -0.42
46809; 0.72; 0.17; -9.72; -0.42; 1.33; -0.63
46834; 0.69; 0.22; -9.67; -0.56; 1.3; -0.62
46861; 0.7; 0.2; -9.7; -0.56; 1.3; -0.5
46886; 0.76; 0.2; -9.71; -0.58; 1.37; -0.5
46913; 0.7; 0.23; -9.73; -0.56; 1.39; -0.52
46939; 0.72; 0.23; -9.68; -0.42; 1.29; -0.56
46965; 0.72; 0.21; -9.72; -0.61; 1.3; -0.48
46991; 0.71; 0.23; -9.68; -0.51; 1.37; -0.55
47024; 0.71; 0.21; -9.73; -0.45; 1.19; -0.5
47049; 0.7; 0.21; -9.69; -0.43; 1.43; -0.46
47076; 0.74; 0.23; -9.7; -0.61; 1.37; -0.55
47101; 0.75; 0.2; -9.67; -0.67; 1.32; -0.48
47128; 0.73; 0.22; -9.67; -0.65; 1.47; -0.56
47154; 0.73; 0.22; -9.68; -0.58; 1.35; -0.32
47180; 0.75; 0.17; -9.7; -0.43; 1.38; -0.43
47206; 0.69; 0.23; -9.68; -0.56; 1.44; -0.45
47233; 0.74; 0.23; -9.69; -0.57; 1.44; -0.47
47258; 0.74; 0.25; -9.72; -0.49; 1.46; -0.37
47285; 0.76; 0.23; -9.73; -0.51; 1.45; -0.47
47310; 0.71; 0.24; -9.69; -0.45; 1.29; -0.52
47337; 0.7; 0.21; -9.71; -0.68; 1.41; -0.48
47369; 0.72; 0.18; -9.7; -0.7; 1.34; -0.63
47394; 0.69; 0.22; -9.68; -0.59; 1.37; -0.51
47421; 0.7; 0.22; -9.72; -0.5; 1.3; -0.5
47447; 0.73; 0.23; -9.67; -0.56; 1.3; -0.46
47473; 0.7; 0.22; -9.68; -0.55; 1.24; -0.4
47499; 0.73; 0.19; -9.67; -0.7; 1.35; -0.44
47525; 0.74; 0.2; -9.72; -0.47; 1.3; -0.48
47551; 0.73; 0.21; -9.7; -0.62; 1.49; -0.56
47578; 0.71; 0.2; -9.7; -0.36; 1.43; -0.53
47603; 0.72; 0.2; -9.69; -0.5; 1.35; -0.4
47630; 0.77; 0.23; -9.7; -0.69; 1.55; -0.4
47655; 0.73; 0.23; -9.66; -0.4; 1.36; -0.42
47688; 0.69; 0.24; -9.71; -0.55; 1.43; -0.5
47714; 0.72; 0.23; -9.72; -0.58; 1.36; -0.48
47740; 0.76; 0.23; -9.68; -0.47; 1.31; -0.54
47767; 0.73; 0.23; -9.71; -0.6; 1.21; -0.4
47793; 0.75; 0.21; -9.71; -0.3; 1.43; -0.45
47830; 0.73; 0.25; -9.68; -0.63; 1.5; -0.4
47855; 0.73; 0.22; -9.75; -0.47; 1.23; -0.58
47882; 0.78; 0.24; -9.67; -0.5; 1.44; -0.54
47908; 0.71; 0.23; -9.72; -0.54; 1.55; -0.55
47935; 0.73; 0.22; -9.71; -0.57; 1.38; -0.48
47962; 0.71; 0.22; -9.69; -0.47; 1.46; -0.45
47987; 0.74; 0.24; -9.69; -0.62; 1.45; -0.62
48014; 0.75; 0.24; -9.69; -0.5; 1.4; -0.43
48038; 0.72; 0.23; -9.68; -0.64; 1.34; -0.5
48064; 0.71; 0.21; -9.67; -0.56; 1.33; -0.41
48091; 0.79; 0.2; -9.7; -0.66; 1.34; -0.49
48116; 0.69; 0.21; -9.7; -0.49; 1.44; -0.5
48143; 0.72; 0.2; -9.7; -0.55; 1.22; -0.5
48168; 0.73; 0.21; -9.65; -0.62; 1.35; -0.51
48195; 0.75; 0.23; -9.66; -0.63; 1.39; -0.56
48221; 0.69; 0.26; -9.72; -0.43; 1.47; -0.47
48246; 0.72; 0.18; -9.73; -0.55; 1.28; -0.52
48273; 0.71; 0.22; -9.68; -0.58; 1.34; -0.58
48299; 0.72; 0.23; -9.68; -0.7; 1.29; -0.55
48325; 0.73; 0.2; -9.67; -0.58; 1.42; -0.48
48357; 0.74; 0.19; -9.68; -0.57; 1.46; -0.42
48384; 0.75; 0.22; -9.68; -0.71; 1.3; -0.48
48409; 0.74; 0.21; -9.69; -0.6; 1.44; -0.63
48435; 0.74; 0.21; -9.73; -0.47; 1.24; -0.38
48461; 0.76; 0.2; -9.69; -0.36; 1.27; -0.45
48487; 0.72; 0.2; -9.7; -0.54; 1.36; -0.43
48514; 0.7; 0.23; -9.71; -0.58; 1.34; -0.4
48539; 0.71; 0.19; -9.72; -0.56; 1.34; -0.53
48566; 0.73; 0.2; -9.71; -0.64; 1.43; -0.56
48591; 0.76; 0.2; -9.7; -0.5; 1.37; -0.45
48618; 0.74; 0.2; -9.68; -0.63; 1.3; -0.62
48644; 0.73; 0.21; -9.71; -0.55; 1.34; -0.5
48675; 0.75; 0.22; -9.72; -0.48; 1.31; -0.46
48702; 0.73; 0.21; -9.68; -0.51; 1.24; -0.44
48728; 0.71; 0.19; -9.69; -0.48; 1.39; -0.46
48754; 0.75; 0.22; -9.71; -0.68; 1.31; -0.37
48780; 0.73; 0.22; -9.7; -0.55; 1.38; -0.5
48805; 0.73; 0.2; -9.71; -0.42; 1.31; -0.51
48832; 0.75; 0.21; -9.73; -0.39; 1.4; -0.5
48858; 0.71; 0.21; -9.7; -0.63; 1.31; -0.49
48884; 0.73; 0.25; -9.72; -0.6; 1.32; -0.4
48910; 0.74; 0.23; -9.69; -0.59; 1.3; -0.47
48936; 0.72; 0.2; -9.73; -0.65; 1.4; -0.44
48962; 0.78; 0.23; -9.69; -0.54; 1.37; -0.62
48989; 0.69; 0.21; -9.7; -0.52; 1.4; -0.5
49020; 0.71; 0.24; -9.7; -0.66; 1.42; -0.56
49047; 0.74; 0.19; -9.68; -0.5; 1.36; -0.33
49073; 0.75; 0.2; -9.71; -0.37; 1.59; -0.4
49099; 0.76; 0.2; -9.7; -0.5; 1.24; -0.47
49125; 0.74; 0.21; -9.7; -0.68; 1.41; -0.5
49152; 0.74; 0.18; -9.67; -0.66; 1.41; -0.46
49178; 0.75; 0.2; -9.7; -0.65; 1.34; -0.53
49204; 0.73; 0.2; -9.72; -0.49; 1.63; -0.5
49230; 0.74; 0.2; -9.7; -0.6; 1.3; -0.6
49257; 0.73; 0.22; -9.69; -0.59; 1.37; -0.48
49283; 0.75; 0.21; -9.66; -0.62; 1.4; -0.45
49309; 0.71; 0.19; -9.69; -0.61; 1.27; -0.58
49341; 0.75; 0.22; -9.69; -0.66; 1.4; -0.43
49368; 0.76; 0.18; -9.69; -0.49; 1.36; -0.43
49393; 0.74; 0.19; -9.67; -0.72; 1.5; -0.55
49419; 0.74; 0.22; -9.7; -0.47; 1.32; -0.49
49445; 0.69; 0.2; -9.71; -0.59; 1.22; -0.52
49471; 0.73; 0.21; -9.68; -0.52; 1.26; -0.39
49498; 0.73; 0.22; -9.67; -0.53; 1.29; -0.34
49523; 0.71; 0.24; -9.71; -0.65; 1.24; -0.48
49550; 0.73; 0.19; -9.71; -0.5; 1.38; -0.47
49575; 0.71; 0.18; -9.73; -0.5; 1.38; -0.6
49601; 0.73; 0.2; -9.7; -0.59; 1.37; -0.52
49628; 0.76; 0.24; -9.72; -0.34; 1.36; -0.57
49653; 0.76; 0.21; -9.67; -0.56; 1.15; -0.52
49686; 0.75; 0.2; -9.68; -0.53; 1.21; -0.53
49727; 0.73; 0.21; -9.73; -0.47; 1.24; -0.51
49754; 0.73; 0.23; -9.73; -0.6; 1.31; -0.56
49779; 0.78; 0.18; -9.7; -0.56; 1.38; -0.38
49806; 0.72; 0.23; -9.7; -0.65; 1.29; -0.46
49831; 0.74; 0.23; -9.69; -0.57; 1.29; -0.49
49858; 0.69; 0.23; -9.73; -0.41; 1.37; -0.37
49884; 0.75; 0.23; -9.75; -0.64; 1.47; -0.6
49910; 0.75; 0.23; -9.66; -0.66; 1.3; -0.4
49936; 0.71; 0.24; -9.7; -0.59; 1.36; -0.61
49961; 0.72; 0.22; -9.67; -0.82; 1.53; -0.51
49988; 0.74; 0.21; -9.69; -0.61; 1.41; -0.43
50020; 0.77; 0.21; -9.7; -0.54; 1.42; -0.31
50045; 0.7; 0.26; -9.68; -0.6; 1.42; -0.49
50072; 0.76; 0.2; -9.71; -0.6; 1.28; -0.4
50098; 0.72; 0.24; -9.7; -0.68; 1.45; -0.5
50124; 0.69; 0.21; -9.71; -0.58; 1.46; -0.4
50150; 0.74; 0.21; -9.73; -0.47; 1.23; -0.54
50177; 0.75; 0.21; -9.68; -0.44; 1.51; -0.47
50202; 0.75; 0.23; -9.71; -0.83; 1.4; -0.47
50228; 0.75; 0.19; -9.69; -0.55; 1.33; -0.45
50254; 0.75; 0.21; -9.69; -0.57; 1.43; -0.48
50280; 0.76; 0.24; -9.7; -0.62; 1.35; -0.43
50307; 0.71; 0.24; -9.7; -0.63; 1.37; -0.42
50332; 0.72; 0.2; -9.71; -0.63; 1.44; -0.61
50364; 0.76; 0.19; -9.68; -0.53; 1.4; -0.43
50391; 0.71; 0.23; -9.69; -0.68; 1.27; -0.43
50416; 0.75; 0.23; -9.73; -0.79; 1.46; -0.4
50443; 0.71; 0.19; -9.67; -0.48; 1.4; -0.33
50469; 0.71; 0.23; -9.69; -0.65; 1.34; -0.5
50495; 0.75; 0.18; -9.7; -0.48; 1.37; -0.36
50522; 0.71; 0.23; -9.69; -0.54; 1.3; -0.4
50547; 0.73; 0.22; -9.73; -0.55; 1.16; -0.4
50574; 0.76; 0.18; -9.7; -0.55; 1.23; -0.37
50599; 0.73; 0.21; -9.72; -0.66; 1.26; -0.49
50626; 0.75; 0.21; -9.69; -0.56; 1.39; -0.5
50653; 0.73; 0.18; -9.72; -0.43; 1.37; -0.64
50684; 0.68; 0.18; -9.72; -0.59; 1.59; -0.5
50710; 0.74; 0.22; -9.67; -0.53; 1.36; -0.4
50737; 0.74; 0.22; -9.68; -0.53; 1.21; -0.44
50762; 0.74; 0.23; -9.73; -0.62; 1.37; -0.48
50789; 0.73; 0.23; -9.75; -0.51; 1.28; -0.5
50814; 0.73; 0.19; -9.73; -0.47; 1.35; -0.52
50840; 0.75; 0.18; -9.7; -0.5; 1.34; -0.46
50867; 0.78; 0.15; -9.66; -0.53; 1.35; -0.31
50892; 0.72; 0.27; -9.68; -0.58; 1.47; -0.3
50919; 0.74; 0.2; -9.7; -0.63; 1.39; -0.46
50945; 0.72; 0.21; -9.65; -0.39; 1.28; -0.45
50971; 0.74; 0.22; -9.68; -0.56; 1.42; -0.41
50997; 0.76; 0.24; -9.69; -0.63; 1.27; -0.47
51039; 0.75; 0.2; -9.7; -0.71; 1.34; -0.41
51064; 0.72; 0.21; -9.69; -0.66; 1.42; -0.45
51091; 0.74; 0.24; -9.72; -0.53; 1.36; -0.45
51117; 0.72; 0.22; -9.69; -0.59; 1.47; -0.54
51143; 0.73; 0.24; -9.67; -0.49; 1.21; -0.43
51169; 0.77; 0.2; -9.69; -0.47; 1.53; -0.43
51195; 0.74; 0.2; -9.69; -0.51; 1.53; -0.53
51221; 0.75; 0.22; -9.69; -0.63; 1.5; -0.48
51248; 0.74; 0.21; -9.7; -0.52; 1.5; -0.51
51273; 0.73; 0.23; -9.71; -0.69; 1.27; -0.58
51299; 0.7; 0.21; -9.73; -0.51; 1.53; -0.42
51325; 0.7; 0.18; -9.73; -0.59; 1.34; -0.34
51357; 0.74; 0.19; -9.72; -0.51; 1.3; -0.53
51383; 0.75; 0.23; -9.71; -0.53; 1.36; -0.43
51409; 0.71; 0.23; -9.67; -0.49; 1.32; -0.55
51435; 0.72; 0.2; -9.74; -0.63; 1.25; -0.41
51462; 0.75; 0.21; -9.72; -0.42; 1.37; -0.48
51487; 0.71; 0.22; -9.7; -0.5; 1.37; -0.45
51513; 0.71; 0.18; -9.67; -0.63; 1.38; -0.4
51539; 0.74; 0.2; -9.69; -0.63; 1.41; -0.44
51565; 0.74; 0.2; -9.7; -0.58; 1.39; -0.47
51591; 0.74; 0.2; -9.7; -0.44; 1.5; -0.54
51617; 0.72; 0.25; -9.7; -0.53; 1.39; -0.41
51643; 0.7; 0.23; -9.72; -0.5; 1.32; -0.49
51670; 0.75; 0.22; -9.68; -0.59; 1.17; -0.52
51701; 0.73; 0.22; -9.67; -0.55; 1.44; -0.5
51727; 0.74; 0.23; -9.69; -0.57; 1.31; -0.59
51753; 0.69; 0.17; -9.75; -0.58; 1.25; -0.56
51779; 0.71; 0.19; -9.69; -0.76; 1.34; -0.61
51806; 0.71; 0.21; -9.71; -0.65; 1.32; -0.47
51832; 0.7; 0.2; -9.69; -0.55; 1.24; -0.49
51858; 0.73; 0.2; -9.71; -0.5; 1.39; -0.47
51885; 0.75; 0.22; -9.68; -0.49; 1.21; -0.52
51910; 0.73; 0.18; -9.69; -0.56; 1.33; -0.53
51937; 0.72; 0.21; -9.69; -0.62; 1.24; -0.5
51962; 0.75; 0.23; -9.69; -0.59; 1.34; -0.37
51989; 0.74; 0.21; -9.68; -0.36; 1.32; -0.49
52021; 0.76; 0.22; -9.69; -0.6; 1.43; -0.56
52047; 0.72; 0.21; -9.69; -0.66; 1.38; -0.34
52073; 0.73; 0.22; -9.73; -0.4; 1.3; -0.5
52099; 0.73; 0.2; -9.69; -0.54; 1.4; -0.55
52125; 0.72; 0.21; -9.71; -0.56; 1.28; -0.53
52151; 0.77; 0.18; -9.67; -0.48; 1.4; -0.37
52176; 0.77; 0.21; -9.68; -0.67; 1.27; -0.47
52203; 0.73; 0.22; -9.71; -0.55; 1.44; -0.53
52229; 0.7; 0.21; -9.69; -0.55; 1.37; -0.43
52255; 0.7; 0.2; -9.71; -0.53; 1.36; -0.47
52281; 0.72; 0.17; -9.73; -0.66; 1.22; -0.65
52306; 0.73; 0.22; -9.72; -0.56; 1.4; -0.49
52333; 0.72; 0.21; -9.71; -0.53; 1.33; -0.35
52365; 0.78; 0.22; -9.68; -0.63; 1.41; -0.44
52390; 0.77; 0.22; -9.66; -0.64; 1.22; -0.4
52417; 0.74; 0.2; -9.72; -0.4; 1.34; -0.34
52443; 0.74; 0.19; -9.7; -0.5; 1.44; -0.47
52468; 0.79; 0.25; -9.7; -0.57; 1.38; -0.46
52495; 0.77; 0.22; -9.71; -0.61; 1.2; -0.45
52520; 0.7; 0.23; -9.67; -0.5; 1.56; -0.56
52546; 0.72; 0.2; -9.67; -0.52; 1.51; -0.38
52573; 0.75; 0.17; -9.68; -0.5; 1.24; -0.42
52598; 0.75; 0.21; -9.72; -0.66; 1.43; -0.39
52625; 0.76; 0.24; -9.71; -0.53; 1.29; -0.47
52651; 0.75; 0.18; -9.69; -0.6; 1.27; -0.51
52682; 0.72; 0.21; -9.7; -0.44; 1.42; -0.54
52708; 0.74; 0.24; -9.71; -0.59; 1.49; -0.49
52750; 0.74; 0.22; -9.7; -0.6; 1.26; -0.42
52775; 0.73; 0.18; -9.74; -0.52; 1.4; -0.4
52802; 0.72; 0.18; -9.72; -0.67; 1.42; -0.66
52828; 0.72; 0.22; -9.71; -0.6; 1.38; -0.51
52854; 0.77; 0.24; -9.68; -0.66; 1.37; -0.43
52880; 0.72; 0.23; -9.71; -0.66; 1.3; -0.56
52907; 0.71; 0.23; -9.69; -0.44; 1.37; -0.43
52932; 0.73; 0.23; -9.7; -0.64; 1.37; -0.52
52958; 0.77; 0.22; -9.69; -0.58; 1.4; -0.49
52984; 0.73; 0.23; -9.7; -0.48; 1.42; -0.43
53010; 0.75; 0.21; -9.68; -0.49; 1.36; -0.49
53042; 0.73; 0.18; -9.7; -0.6; 1.29; -0.38
53068; 0.76; 0.22; -9.71; -0.51; 1.3; -0.46
53094; 0.72; 0.25; -9.68; -0.54; 1.3; -0.5
53121; 0.72; 0.22; -9.7; -0.63; 1.4; -0.45
53146; 0.75; 0.24; -9.68; -0.43; 1.3; -0.63
53173; 0.75; 0.26; -9.68; -0.53; 1.41; -0.42
53198; 0.72; 0.23; -9.72; -0.63; 1.35; -0.48
53225; 0.74; 0.2; -9.69; -0.59; 1.24; -0.48
53251; 0.7; 0.22; -9.69; -0.59; 1.37; -0.47
53277; 0.75; 0.19; -9.72; -0.56; 1.34; -0.53
53303; 0.78; 0.18; -9.68; -0.4; 1.28; -0.49
53329; 0.71; 0.22; -9.73; -0.48; 1.47; -0.48
53361; 0.75; 0.21; -9.69; -0.64; 1.37; -0.37
53388; 0.74; 0.2; -9.69; -0.5; 1.34; -0.44
53413; 0.73; 0.22; -9.67; -0.42; 1.37; -0.47
53439; 0.74; 0.18; -9.67; -0.43; 1.43; -0.4
53466; 0.73; 0.19; -9.68; -0.47; 1.29; -0.57
53491; 0.68; 0.23; -9.69; -0.66; 1.19; -0.59
53517; 0.75; 0.23; -9.75; -0.58; 1.1; -0.52
53543; 0.75; 0.21; -9.65; -0.63; 1.3; -0.56
53569; 0.73; 0.21; -9.69; -0.71; 1.16; -0.5
53595; 0.75; 0.23; -9.7; -0.57; 1.33; -0.37
53621; 0.71; 0.23; -9.68; -0.57; 1.33; -0.59
53647; 0.71; 0.21; -9.71; -0.57; 1.31; -0.4
53672; 0.72; 0.21; -9.69; -0.56; 1.32; -0.44
53705; 0.72; 0.21; -9.7; -0.54; 1.2; -0.42
53731; 0.78; 0.21; -9.7; -0.47; 1.43; -0.56
53756; 0.71; 0.21; -9.72; -0.47; 1.47; -0.49
53783; 0.75; 0.21; -9.71; -0.58; 1.25; -0.55
53809; 0.73; 0.21; -9.71; -0.58; 1.35; -0.53
53834; 0.74; 0.25; -9.69; -0.38; 1.22; -0.52
53861; 0.73; 0.2; -9.7; -0.47; 1.22; -0.37
53886; 0.72; 0.19; -9.71; -0.63; 1.41; -0.49
53912; 0.71; 0.2; -9.74; -0.63; 1.35; -0.56
53939; 0.73; 0.2; -9.68; -0.39; 1.21; -0.5
53964; 0.76; 0.21; -9.67; -0.63; 1.37; -0.56
53990; 0.75; 0.22; -9.68; -0.54; 1.37; -0.48
54022; 0.72; 0.22; -9.67; -0.56; 1.21; -0.48
54048; 0.76; 0.19; -9.65; -0.6; 1.42; -0.46
54074; 0.72; 0.2; -9.75; -0.69; 1.39; -0.39
54100; 0.74; 0.22; -9.7; -0.53; 1.4; -0.55
54126; 0.73; 0.18; -9.68; -0.53; 1.52; -0.52
54152; 0.74; 0.16; -9.68; -0.61; 1.4; -0.56
54178; 0.75; 0.25; -9.72; -0.53; 1.37; -0.41
54204; 0.73; 0.24; -9.69; -0.6; 1.48; -0.4
54240; 0.75; 0.23; -9.69; -0.5; 1.3; -0.58
54265; 0.75; 0.22; -9.71; -0.37; 1.34; -0.31
54292; 0.69; 0.22; -9.71; -0.63; 1.54; -0.55
54318; 0.75; 0.21; -9.68; -0.59; 1.26; -0.55
54344; 0.72; 0.22; -9.7; -0.64; 1.53; -0.53
54376; 0.75; 0.23; -9.69; -0.4; 1.34; -0.48
54402; 0.72; 0.2; -9.73; -0.56; 1.36; -0.52
54428; 0.75; 0.23; -9.67; -0.52; 1.37; -0.49
54454; 0.73; 0.21; -9.68; -0.53; 1.5; -0.41
54480; 0.75; 0.22; -9.66; -0.46; 1.47; -0.46
54506; 0.71; 0.2; -9.67; -0.69; 1.31; -0.35
54533; 0.71; 0.17; -9.69; -0.57; 1.49; -0.41
54558; 0.76; 0.24; -9.71; -0.58; 1.25; -0.56
54585; 0.72; 0.19; -9.69; -0.53; 1.3; -0.55
54610; 0.72; 0.19; -9.7; -0.64; 1.13; -0.34
54637; 0.74; 0.2; -9.66; -0.53; 1.31; -0.47
54663; 0.72; 0.24; -9.72; -0.5; 1.38; -0.48
54695; 0.7; 0.2; -9.69; -0.62; 1.46; -0.55
54721; 0.72; 0.17; -9.71; -0.63; 1.35; -0.41
54747; 0.74; 0.21; -9.69; -0.69; 1.08; -0.48
54773; 0.75; 0.22; -9.64; -0.71; 1.34; -0.61
54799; 0.72; 0.23; -9.69; -0.61; 1.23; -0.41
54824; 0.71; 0.18; -9.73; -0.8; 1.07; -0.51
54851; 0.71; 0.19; -9.7; -0.36; 1.51; -0.57
54877; 0.73; 0.2; -9.68; -0.52; 1.3; -0.48
54902; 0.71; 0.23; -9.68; -0.67; 1.42; -0.42
54929; 0.71; 0.18; -9.75; -0.41; 1.27; -0.32
54955; 0.76; 0.21; -9.69; -0.56; 1.3; -0.44
54980; 0.73; 0.2; -9.72; -0.56; 1.35; -0.5
55007; 0.71; 0.17; -9.75; -0.72; 1.3; -0.47
55038; 0.72; 0.22; -9.74; -0.74; 1.66; -0.56
55064; 0.68; 0.19; -9.75; -0.54; 1.66; -0.47
55091; 0.68; 0.27; -9.73; -0.55; 1.41; -0.5
55116; 0.68; 0.18; -9.72; -0.63; 1.19; -0.5
55142; 0.72; 0.23; -9.73; -0.38; 1.37; -0.56
55168; 0.74; 0.22; -9.72; -0.53; 1.48; -0.5
55194; 0.75; 0.2; -9.65; -0.39; 1.32; -0.68
55220; 0.72; 0.23; -9.7; -0.45; 1.3; -0.5
55245; 0.73; 0.23; -9.72; -0.83; 1.23; -0.63
55272; 0.69; 0.24; -9.69; -0.67; 1.13; -0.45
55298; 0.72; 0.18; -9.66; -0.6; 1.22; -0.5
55323; 0.72; 0.2; -9.68; -0.77; 1.35; -0.4
55355; 0.71; 0.18; -9.66; -0.72; 1.22; -0.53
55382; 0.73; 0.24; -9.68; -0.37; 1.42; -0.5
55407; 0.72; 0.22; -9.7; -0.69; 1.51; -0.53
55433; 0.71; 0.18; -9.71; -0.4; 1.3; -0.51
55459; 0.68; 0.27; -9.67; -0.68; 1.17; -0.51
55485; 0.75; 0.18; -9.66; -0.59; 1.18; -0.5
55511; 0.71; 0.2; -9.69; -0.56; 1.23; -0.4
55536; 0.71; 0.21; -9.68; -0.43; 1.37; -0.51
55563; 0.71; 0.23; -9.72; -0.48; 1.14; -0.4
55588; 0.7; 0.2; -9.7; -0.5; 1.13; -0.5
55614; 0.74; 0.23; -9.72; -0.55; 0.9; -0.53
55641; 0.74; 0.22; -9.7; -0.56; 0.94; -0.43
