71; 0.51; -0.48; -10.91; -0.17; -1.14; 0.2
98; 0.49; -0.48; -10.95; -0.01; -1.11; -0.09
123; 0.53; -0.47; -10.94; 0.04; -1.19; 0.0
150; 0.45; -0.5; -10.97; -0.06; -1.12; 0.27
176; 0.48; -0.48; -10.98; -0.24; -1.08; -0.2
202; 0.46; -0.48; -10.85; -0.04; -1.3; 0.27
234; 0.47; -0.48; -10.91; -0.39; -1.17; 0.42
261; 0.44; -0.46; -11.0; -0.35; -1.09; -0.26
287; 0.43; -0.46; -10.98; -0.3; -1.09; 0.15
313; 0.47; -0.49; -10.96; -0.17; -1.17; 0.18
339; 0.49; -0.48; -10.93; -0.22; -0.98; -0.14
365; 0.42; -0.49; -11.0; -0.15; -1.23; 0.3
392; 0.48; -0.52; -10.89; -0.19; -1.27; -0.21
418; 0.46; -0.49; -10.91; -0.25; -1.09; 0.19
444; 0.47; -0.49; -10.87; -0.21; -1.24; -0.02
471; 0.45; -0.49; -10.91; -0.2; -1.18; -0.09
497; 0.48; -0.45; -10.99; -0.16; -1.19; 0.27
523; 0.43; -0.54; -10.91; -0.11; -1.03; -0.14
556; 0.42; -0.49; -10.88; -0.01; -0.96; -0.23
581; 0.51; -0.44; -10.97; -0.18; -1.21; 0.18
608; 0.41; -0.52; -10.96; -0.14; -1.0; 0.02
633; 0.42; -0.49; -10.89; -0.08; -1.17; 0.04
660; 0.47; -0.49; -11.08; -0.17; -1.3; 0.38
687; 0.41; -0.48; -10.93; -0.06; -1.16; -0.4
712; 0.49; -0.48; -10.96; -0.06; -1.07; 0.53
739; 0.46; -0.48; -10.9; -0.18; -1.19; -0.24
764; 0.46; -0.48; -10.96; -0.03; -1.08; 0.08
791; 0.46; -0.47; -10.95; -0.05; -1.34; 0.03
818; 0.44; -0.49; -10.95; -0.11; -1.16; 0.01
843; 0.47; -0.46; -10.88; -0.06; -1.24; 0.4
876; 0.52; -0.48; -10.96; -0.11; -1.3; 0.24
902; 0.4; -0.49; -10.98; -0.11; -1.27; -0.29
928; 0.44; -0.52; -10.88; -0.11; -1.03; 0.21
955; 0.41; -0.48; -10.88; -0.04; -1.15; 0.17
982; 0.47; -0.48; -11.01; -0.02; -1.27; -0.48
1007; 0.46; -0.55; -10.87; -0.15; -1.1; 0.44
1034; 0.41; -0.46; -10.84; -0.02; -1.27; -0.05
1060; 0.5; -0.44; -10.92; 0.03; -1.19; -0.18
1087; 0.43; -0.48; -10.93; -0.24; -1.29; 0.31
1114; 0.43; -0.51; -11.0; -0.24; -1.07; -0.03
1140; 0.44; -0.5; -10.94; -0.02; -1.03; -0.02
1167; 0.43; -0.52; -10.99; -0.25; -1.13; 0.27
1193; 0.43; -0.41; -10.88; -0.12; -1.05; -0.18
1218; 0.45; -0.46; -10.91; -0.01; -1.14; 0.03
1244; 0.47; -0.47; -10.91; -0.25; -1.21; -0.35
1270; 0.42; -0.46; -10.93; -0.08; -1.28; 0.45
1297; 0.41; -0.48; -10.88; -0.38; -1.19; -0.24
1323; 0.47; -0.51; -10.95; -0.15; -1.19; 0.2
1364; 0.45; -0.48; -10.95; -0.07; -0.94; -0.11
1391; 0.43; -0.49; -10.96; -0.43; -1.26; 0.02
1418; 0.51; -0.43; -10.9; -0.18; -1.25; 0.24
1443; 0.45; -0.49; -10.86; -0.14; -1.14; -0.21
1470; 0.5; -0.47; -10.9; -0.03; -1.01; 0.26
1497; 0.41; -0.51; -10.88; 0.02; -1.26; -0.16
1522; 0.47; -0.49; -10.92; 0.01; -1.34; -0.09
1555; 0.48; -0.45; -10.91; -0.02; -1.19; -0.25
1582; 0.42; -0.49; -10.9; -0.3; -1.34; 0.35
1607; 0.41; -0.53; -10.9; -0.11; -0.9; -0.16
1634; 0.46; -0.49; -10.93; -0.21; -1.13; 0.06
1660; 0.44; -0.46; -10.98; -0.22; -1.26; 0.3
1686; 0.4; -0.52; -10.93; -0.21; -1.24; 0.03
1713; 0.5; -0.5; -10.96; -0.09; -1.08; 0.27
1739; 0.48; -0.47; -10.93; -0.02; -1.02; -0.17
1765; 0.44; -0.48; -10.89; -0.15; -1.14; 0.24
1792; 0.44; -0.48; -10.97; -0.13; -1.21; -0.05
1818; 0.49; -0.49; -10.96; -0.34; -1.3; -0.08
1844; 0.47; -0.47; -10.89; -0.11; -1.15; 0.28
1876; 0.43; -0.46; -10.92; -0.01; -1.33; 0.39
1902; 0.49; -0.47; -11.0; 0.1; -1.24; -0.25
1929; 0.43; -0.54; -10.96; -0.04; -1.11; 0.31
1955; 0.49; -0.52; -10.91; -0.03; -1.27; 0.23
1981; 0.42; -0.47; -10.94; 0.1; -1.17; -0.22
2008; 0.51; -0.52; -10.89; -0.02; -1.27; 0.24
2034; 0.46; -0.44; -10.97; -0.22; -1.16; -0.14
2060; 0.45; -0.47; -10.88; -0.28; -1.25; 0.21
2086; 0.48; -0.48; -10.91; -0.03; -1.33; 0.23
2113; 0.51; -0.48; -10.87; -0.27; -1.16; -0.14
2140; 0.45; -0.52; -11.02; -0.14; -1.14; 0.18
2165; 0.43; -0.46; -10.91; -0.15; -1.41; -0.2
2198; 0.45; -0.47; -10.89; -0.09; -1.39; -0.08
2224; 0.46; -0.46; -10.92; -0.24; -1.39; -0.24
2250; 0.41; -0.48; -10.98; -0.14; -1.23; 0.37
2277; 0.46; -0.46; -10.92; -0.05; -1.16; -0.18
2304; 0.48; -0.53; -10.94; -0.14; -1.16; -0.09
2330; 0.49; -0.45; -10.95; -0.19; -1.17; 0.4
2357; 0.46; -0.46; -10.93; -0.13; -1.24; -0.16
2383; 0.48; -0.47; -10.94; -0.14; -1.27; 0.18
2409; 0.43; -0.51; -11.01; -0.2; -1.18; 0.06
2436; 0.46; -0.49; -10.93; -0.1; -1.1; -0.18
2462; 0.47; -0.51; -11.02; -0.1; -1.34; 0.29
2489; 0.47; -0.45; -11.01; -0.24; -1.05; 0.12
2522; 0.46; -0.47; -10.95; -0.27; -1.16; 0.19
2547; 0.39; -0.46; -10.94; -0.06; -1.24; -0.14
2574; 0.5; -0.43; -10.85; 0.02; -0.96; 0.59
2599; 0.41; -0.52; -10.86; -0.13; -1.4; -0.37
2636; 0.46; -0.47; -10.93; -0.07; -1.1; -0.17
2663; 0.46; -0.51; -10.95; 0.02; -1.19; -0.07
2689; 0.47; -0.52; -10.94; -0.01; -0.96; 0.47
2715; 0.47; -0.52; -10.92; -0.06; -1.26; -0.36
2741; 0.45; -0.49; -10.88; -0.09; -1.24; 0.24
2767; 0.46; -0.5; -10.95; -0.33; -1.08; -0.14
2794; 0.46; -0.44; -10.93; -0.08; -1.24; -0.03
2820; 0.46; -0.53; -10.85; -0.11; -1.36; 0.29
2852; 0.44; -0.44; -10.98; -0.13; -1.13; 0.43
2879; 0.47; -0.46; -10.84; 0.0; -1.39; -0.21
2905; 0.49; -0.47; -10.88; -0.16; -1.06; 0.32
2931; 0.41; -0.49; -10.88; -0.15; -1.14; -0.1
2958; 0.41; -0.43; -10.95; -0.18; -1.14; -0.11
2983; 0.47; -0.46; -10.92; -0.11; -1.23; 0.35
3010; 0.46; -0.43; -10.92; -0.4; -1.24; -0.18
3037; 0.37; -0.49; -10.92; -0.14; -1.2; 0.25
3062; 0.46; -0.49; -10.93; -0.31; -1.24; -0.05
3089; 0.49; -0.5; -10.9; -0.17; -1.14; -0.11
3116; 0.45; -0.51; -10.97; -0.14; -1.24; 0.4
3141; 0.44; -0.43; -10.88; -0.12; -1.15; -0.27
3174; 0.49; -0.53; -11.01; -0.15; -1.07; -0.31
3200; 0.49; -0.43; -10.97; -0.08; -1.24; 0.2
3226; 0.49; -0.5; -10.94; -0.08; -1.22; 0.0
3253; 0.42; -0.47; -11.03; 0.0; -1.18; -0.09
3278; 0.47; -0.46; -10.92; -0.14; -1.22; 0.34
3305; 0.51; -0.47; -10.96; -0.14; -1.14; -0.28
3332; 0.43; -0.47; -10.88; -0.13; -1.17; 0.14
3357; 0.45; -0.45; -10.95; -0.12; -1.23; -0.2
3384; 0.44; -0.46; -10.95; -0.13; -1.29; 0.02
3410; 0.52; -0.47; -10.97; -0.15; -1.01; 0.28
3436; 0.46; -0.46; -10.89; -0.11; -1.27; -0.32
3463; 0.47; -0.53; -10.99; -0.18; -1.29; 0.21
3494; 0.47; -0.49; -10.92; -0.18; -1.21; 0.34
3521; 0.41; -0.46; -10.85; -0.06; -1.01; 0.24
3548; 0.49; -0.41; -10.94; -0.16; -1.21; -0.18
3574; 0.47; -0.52; -10.93; 0.05; -1.05; 0.34
3600; 0.47; -0.56; -10.82; -0.32; -1.29; -0.31
3627; 0.41; -0.49; -11.05; -0.11; -1.22; -0.18
3653; 0.4; -0.46; -10.89; -0.12; -1.2; 0.21
3680; 0.45; -0.52; -10.88; -0.19; -1.17; -0.16
3706; 0.51; -0.49; -10.95; -0.18; -1.34; 0.29
3733; 0.47; -0.51; -10.96; -0.12; -1.05; 0.21
3759; 0.46; -0.45; -10.97; 0.08; -1.16; -0.21
3785; 0.44; -0.5; -10.91; -0.16; -1.22; 0.17
3818; 0.42; -0.45; -11.02; -0.14; -1.18; 0.09
3844; 0.43; -0.47; -10.89; -0.05; -1.25; 0.24
3870; 0.5; -0.48; -10.95; -0.04; -1.4; 0.01
3897; 0.48; -0.51; -10.88; -0.18; -1.17; 0.48
3922; 0.41; -0.46; -10.98; -0.12; -1.26; -0.24
3949; 0.42; -0.51; -10.92; 0.01; -1.41; 0.31
3976; 0.44; -0.51; -10.86; 0.03; -1.21; -0.38
4001; 0.51; -0.49; -11.0; -0.14; -1.17; -0.24
4028; 0.45; -0.53; -10.97; -0.25; -1.3; 0.25
4054; 0.47; -0.5; -10.93; -0.1; -1.33; -0.15
4080; 0.54; -0.5; -10.95; -0.11; -1.24; 0.35
4107; 0.43; -0.49; -10.93; -0.19; -1.24; -0.21
4139; 0.5; -0.44; -10.95; -0.16; -1.11; 0.04
4165; 0.45; -0.48; -10.91; -0.05; -1.43; -0.05
4192; 0.43; -0.52; -10.88; -0.23; -1.21; 0.25
4217; 0.45; -0.41; -10.93; 0.08; -1.34; -0.43
4244; 0.47; -0.55; -10.91; -0.22; -1.23; 0.27
4270; 0.47; -0.47; -10.86; -0.01; -1.11; -0.18
4296; 0.44; -0.45; -10.93; 0.09; -1.22; -0.05
4323; 0.46; -0.51; -11.03; -0.19; -1.17; 0.18
4348; 0.41; -0.47; -10.91; -0.14; -1.26; -0.32
4375; 0.41; -0.48; -10.94; -0.11; -1.14; 0.46
4417; 0.49; -0.48; -10.9; -0.06; -1.05; -0.24
4443; 0.44; -0.43; -10.94; -0.11; -1.15; 0.39
4475; 0.41; -0.48; -10.89; -0.21; -1.21; 0.08
4501; 0.45; -0.5; -10.9; 0.01; -1.26; 0.15
4528; 0.44; -0.49; -10.95; -0.19; -1.34; -0.16
4554; 0.46; -0.5; -10.91; -0.05; -1.29; 0.26
4580; 0.46; -0.46; -10.93; -0.14; -1.37; -0.34
4606; 0.44; -0.46; -10.95; -0.08; -1.32; 0.3
4633; 0.41; -0.51; -10.87; -0.08; -1.15; -0.18
4659; 0.46; -0.51; -10.99; -0.03; -1.13; -0.02
4685; 0.51; -0.51; -10.89; -0.21; -1.18; 0.18
4712; 0.47; -0.44; -10.9; -0.04; -0.9; -0.07
4738; 0.47; -0.49; -10.98; -0.2; -1.17; 0.33
4764; 0.48; -0.55; -10.94; -0.17; -1.11; -0.2
4796; 0.45; -0.44; -10.91; -0.12; -1.23; -0.05
4823; 0.47; -0.53; -10.96; -0.17; -1.08; -0.21
4849; 0.43; -0.49; -10.99; -0.24; -1.01; 0.27
4876; 0.41; -0.53; -10.97; -0.14; -1.19; -0.25
4901; 0.47; -0.46; -10.85; -0.14; -1.1; 0.08
4928; 0.44; -0.47; -10.89; -0.15; -1.1; 0.26
4955; 0.47; -0.44; -10.91; 0.03; -1.32; -0.24
4981; 0.47; -0.51; -10.94; -0.02; -1.17; 0.39
5007; 0.46; -0.47; -10.91; 0.05; -1.12; -0.06
5033; 0.46; -0.43; -10.87; 0.02; -1.25; -0.02
5060; 0.45; -0.51; -10.93; -0.17; -1.1; 0.37
5087; 0.39; -0.44; -10.89; -0.06; -1.15; -0.47
5113; 0.47; -0.47; -10.95; -0.16; -1.19; 0.22
5145; 0.5; -0.51; -10.95; -0.13; -1.15; -0.06
5172; 0.44; -0.47; -11.04; -0.12; -1.16; 0.24
5197; 0.47; -0.51; -10.96; -0.14; -1.05; -0.23
5224; 0.47; -0.47; -11.0; -0.25; -1.12; 0.35
5251; 0.48; -0.47; -10.96; -0.05; -1.02; -0.27
5276; 0.46; -0.49; -11.0; -0.15; -1.26; 0.08
5303; 0.46; -0.47; -10.9; 0.0; -1.3; 0.04
5328; 0.45; -0.47; -10.91; -0.02; -1.25; -0.14
5355; 0.48; -0.48; -10.95; -0.18; -1.34; 0.23
5382; 0.52; -0.52; -10.91; -0.16; -1.1; -0.21
5407; 0.51; -0.47; -10.93; -0.11; -1.21; 0.57
5434; 0.41; -0.45; -10.93; 0.12; -1.25; -0.17
5466; 0.5; -0.51; -10.85; -0.11; -1.0; -0.02
5492; 0.49; -0.53; -10.93; -0.11; -1.1; -0.08
5518; 0.45; -0.52; -10.95; -0.12; -1.27; 0.39
5544; 0.46; -0.5; -10.91; -0.19; -1.31; -0.11
5571; 0.46; -0.47; -11.0; -0.05; -1.25; 0.43
5597; 0.5; -0.48; -11.0; -0.21; -1.06; -0.06
5623; 0.48; -0.46; -10.9; -0.14; -1.13; 0.19
5649; 0.44; -0.48; -10.93; -0.18; -1.19; 0.05
5676; 0.46; -0.52; -10.97; 0.01; -1.22; -0.26
5701; 0.5; -0.55; -10.97; 0.05; -1.14; 0.37
5728; 0.45; -0.48; -10.91; -0.08; -1.41; -0.31
5754; 0.41; -0.47; -10.85; -0.15; -1.24; 0.16
5795; 0.41; -0.45; -10.97; -0.19; -1.21; -0.28
5822; 0.49; -0.5; -10.99; -0.09; -1.13; 0.32
5849; 0.37; -0.49; -10.89; -0.21; -1.14; -0.14
5884; 0.42; -0.48; -10.95; -0.04; -1.27; 0.03
5911; 0.49; -0.48; -10.83; 0.17; -1.09; -0.24
5937; 0.45; -0.49; -10.99; -0.24; -1.31; 0.22
5963; 0.43; -0.48; -10.97; -0.05; -1.22; -0.14
5990; 0.43; -0.53; -10.93; 0.02; -1.15; 0.22
6016; 0.45; -0.42; -10.99; -0.13; -1.11; 0.18
6042; 0.44; -0.51; -10.98; -0.18; -1.25; -0.08
6069; 0.49; -0.49; -10.92; -0.11; -1.2; 0.21
6094; 0.51; -0.45; -10.92; -0.05; -1.03; -0.48
6127; 0.47; -0.46; -10.93; -0.16; -1.08; -0.34
6153; 0.45; -0.5; -10.92; -0.18; -1.2; 0.15
6179; 0.46; -0.45; -10.98; -0.16; -1.25; 0.34
6206; 0.46; -0.52; -10.87; 0.02; -1.08; -0.27
6233; 0.47; -0.47; -10.93; -0.13; -1.08; 0.14
6259; 0.41; -0.52; -10.93; -0.01; -1.11; 0.38
6286; 0.44; -0.49; -10.96; 0.04; -1.14; -0.21
6312; 0.4; -0.43; -10.94; -0.05; -1.21; -0.06
6339; 0.45; -0.47; -10.89; -0.31; -1.18; 0.3
6366; 0.47; -0.52; -11.02; -0.13; -1.27; -0.29
6392; 0.46; -0.47; -10.89; -0.11; -1.24; -0.05
6419; 0.42; -0.5; -10.92; -0.07; -1.18; 0.39
6452; 0.47; -0.46; -10.91; -0.05; -1.43; 0.32
6478; 0.44; -0.52; -11.04; -0.08; -1.36; 0.14
6505; 0.46; -0.49; -10.94; -0.13; -1.21; -0.31
6531; 0.46; -0.51; -10.92; -0.08; -1.21; 0.58
6557; 0.42; -0.42; -10.99; -0.12; -1.21; -0.05
6584; 0.43; -0.42; -10.92; 0.11; -1.17; -0.11
6610; 0.41; -0.55; -10.98; -0.03; -1.14; 0.34
6637; 0.46; -0.52; -10.94; -0.06; -1.2; -0.31
6664; 0.49; -0.48; -10.85; -0.09; -1.17; 0.29
6689; 0.47; -0.52; -10.89; -0.06; -1.45; 0.24
6716; 0.39; -0.51; -10.91; -0.18; -1.23; -0.24
6743; 0.42; -0.48; -10.96; -0.19; -1.27; 0.11
6775; 0.45; -0.5; -10.88; -0.09; -1.08; 0.02
6801; 0.42; -0.48; -10.96; -0.11; -1.09; 0.1
6828; 0.41; -0.45; -10.9; -0.2; -1.27; -0.42
6854; 0.45; -0.5; -11.03; -0.14; -1.2; 0.31
6881; 0.48; -0.52; -10.95; -0.11; -1.26; -0.02
6907; 0.49; -0.47; -10.93; -0.24; -0.95; -0.24
6933; 0.46; -0.45; -10.82; -0.08; -1.14; 0.29
6960; 0.52; -0.5; -10.87; -0.21; -1.37; -0.16
6986; 0.46; -0.51; -10.91; -0.19; -1.15; 0.17
7013; 0.48; -0.42; -10.88; -0.11; -1.19; 0.28
7040; 0.43; -0.44; -10.92; -0.39; -1.31; -0.26
7066; 0.46; -0.5; -10.97; -0.16; -1.2; 0.25
7098; 0.46; -0.49; -10.95; -0.11; -1.27; 0.09
7124; 0.49; -0.51; -10.88; -0.11; -1.0; 0.5
7151; 0.5; -0.49; -11.01; -0.21; -1.2; -0.14
7177; 0.43; -0.46; -10.96; -0.29; -1.14; 0.22
7203; 0.44; -0.53; -10.93; -0.11; -1.17; 0.09
7230; 0.46; -0.44; -10.96; -0.26; -1.27; 0.0
7257; 0.43; -0.52; -10.87; -0.21; -1.25; 0.5
7283; 0.46; -0.5; -10.93; -0.09; -1.37; -0.12
7309; 0.51; -0.44; -10.92; -0.22; -1.24; -0.25
7335; 0.46; -0.54; -10.89; -0.26; -1.38; 0.36
7362; 0.46; -0.52; -10.9; -0.21; -1.47; -0.18
7389; 0.5; -0.44; -10.85; -0.18; -1.31; 0.33
7420; 0.47; -0.51; -10.88; -0.11; -1.24; -0.02
7447; 0.5; -0.51; -10.99; -0.05; -1.11; 0.51
7489; 0.47; -0.55; -10.87; -0.05; -1.21; -0.31
7516; 0.49; -0.5; -10.87; -0.11; -1.34; 0.24
7542; 0.42; -0.48; -11.01; -0.09; -1.03; 0.31
7569; 0.44; -0.44; -10.97; -0.08; -1.19; -0.24
7596; 0.46; -0.47; -10.91; -0.17; -1.33; -0.05
7622; 0.45; -0.46; -10.87; -0.11; -1.14; 0.33
7649; 0.42; -0.52; -10.95; -0.19; -1.18; -0.39
7675; 0.45; -0.48; -10.94; -0.22; -1.33; 0.03
7702; 0.47; -0.44; -10.93; -0.09; -1.23; 0.2
7729; 0.47; -0.5; -10.97; -0.19; -1.3; -0.16
7761; 0.47; -0.46; -10.93; -0.18; -1.32; 0.05
7788; 0.46; -0.46; -10.92; -0.02; -1.06; -0.14
7814; 0.46; -0.52; -10.95; -0.03; -1.17; 0.36
7840; 0.43; -0.47; -11.02; -0.23; -1.18; -0.31
7867; 0.52; -0.44; -10.9; -0.11; -1.34; 0.05
7894; 0.4; -0.54; -10.9; -0.08; -1.24; 0.21
7920; 0.47; -0.52; -10.93; -0.18; -1.16; -0.32
7946; 0.43; -0.48; -10.92; -0.16; -0.99; 0.43
7972; 0.45; -0.48; -10.9; -0.15; -1.2; 0.06
7999; 0.45; -0.47; -10.91; -0.18; -1.12; -0.17
8026; 0.47; -0.52; -10.94; -0.26; -1.07; 0.52
8051; 0.48; -0.46; -10.97; -0.16; -1.05; -0.35
8084; 0.52; -0.46; -11.02; -0.07; -1.21; -0.1
8111; 0.5; -0.45; -10.95; -0.05; -1.14; -0.16
8137; 0.46; -0.47; -10.96; 0.13; -1.31; 0.21
8163; 0.45; -0.5; -10.91; -0.14; -1.1; -0.31
8189; 0.44; -0.51; -10.97; -0.12; -1.22; 0.02
8216; 0.44; -0.48; -10.96; -0.14; -1.1; 0.23
8243; 0.49; -0.46; -10.93; 0.03; -1.01; -0.4
8269; 0.41; -0.51; -10.95; -0.18; -1.34; 0.21
8295; 0.42; -0.45; -10.92; 0.04; -1.22; -0.11
8322; 0.43; -0.48; -10.98; -0.14; -1.17; 0.01
8348; 0.44; -0.48; -10.88; 0.02; -1.21; 0.27
8375; 0.44; -0.5; -10.94; -0.08; -1.12; -0.41
8407; 0.42; -0.49; -11.0; -0.05; -1.11; -0.23
8433; 0.43; -0.49; -10.93; -0.14; -0.98; 0.1
8460; 0.45; -0.47; -10.9; -0.33; -1.11; 0.21
8485; 0.46; -0.49; -10.98; -0.27; -1.08; -0.32
8512; 0.43; -0.47; -10.9; -0.02; -1.14; 0.36
8539; 0.5; -0.48; -11.03; -0.01; -1.17; -0.12
8565; 0.41; -0.51; -10.99; 0.08; -1.26; -0.15
8591; 0.49; -0.46; -10.87; -0.02; -1.21; 0.42
8617; 0.41; -0.44; -10.85; -0.05; -1.23; 0.02
8644; 0.43; -0.47; -10.99; 0.03; -0.93; 0.05
8671; 0.42; -0.45; -10.96; -0.25; -1.46; 0.28
8696; 0.43; -0.45; -10.93; -0.11; -1.19; -0.23
8723; 0.39; -0.5; -10.88; -0.18; -1.36; 0.31
8756; 0.47; -0.46; -10.95; -0.23; -1.42; 0.23
8782; 0.46; -0.47; -10.82; -0.27; -1.11; 0.1
8809; 0.38; -0.5; -10.96; -0.01; -1.18; -0.37
8836; 0.47; -0.45; -10.92; -0.08; -1.37; 0.14
8861; 0.46; -0.43; -10.96; -0.06; -1.2; 0.18
8888; 0.46; -0.49; -10.97; -0.05; -1.14; -0.23
8914; 0.47; -0.45; -10.95; -0.09; -1.11; 0.11
8941; 0.4; -0.48; -10.91; -0.23; -1.31; 0.3
8968; 0.46; -0.51; -10.86; -0.14; -1.07; -0.3
8994; 0.4; -0.47; -10.94; -0.28; -1.23; 0.26
9021; 0.47; -0.5; -10.93; -0.18; -1.14; -0.05
9048; 0.47; -0.48; -10.96; 0.08; -1.27; -0.18
9080; 0.52; -0.4; -10.87; -0.15; -0.97; -0.19
9107; 0.47; -0.51; -10.83; -0.05; -1.25; -0.02
9143; 0.47; -0.44; -10.83; -0.18; -1.18; -0.27
9169; 0.4; -0.53; -10.93; -0.26; -1.02; 0.36
9196; 0.5; -0.47; -10.92; -0.06; -1.26; -0.32
9222; 0.47; -0.5; -10.95; -0.3; -1.34; 0.04
9248; 0.5; -0.47; -10.91; -0.22; -1.36; 0.27
9275; 0.54; -0.49; -10.85; -0.06; -1.29; -0.41
9302; 0.48; -0.52; -10.93; -0.11; -1.34; 0.27
9327; 0.48; -0.48; -11.02; -0.1; -1.16; -0.08
9354; 0.46; -0.53; -10.98; -0.11; -1.27; 0.02
9380; 0.41; -0.41; -10.98; -0.2; -1.3; 0.26
9412; 0.48; -0.46; -10.99; -0.08; -1.2; 0.49
9439; 0.45; -0.54; -10.84; -0.21; -1.11; -0.21
9465; 0.44; -0.52; -10.94; 0.05; -1.37; -0.3
9492; 0.46; -0.5; -10.9; -0.26; -1.08; 0.4
9518; 0.41; -0.47; -10.86; -0.18; -1.3; -0.23
9544; 0.43; -0.49; -10.92; -0.31; -1.24; 0.18
9571; 0.48; -0.53; -10.94; -0.18; -1.4; -0.01
9597; 0.46; -0.48; -10.88; -0.07; -1.03; -0.11
9624; 0.47; -0.49; -10.97; -0.15; -1.18; 0.5
9650; 0.51; -0.5; -10.95; -0.09; -1.17; -0.21
9676; 0.51; -0.46; -10.95; -0.1; -1.16; -0.09
9703; 0.48; -0.5; -10.94; -0.19; -1.08; 0.41
9735; 0.42; -0.47; -10.92; -0.12; -1.15; 0.14
9761; 0.47; -0.45; -10.99; -0.08; -1.24; -0.34
9788; 0.41; -0.48; -11.0; -0.11; -1.32; 0.2
9814; 0.43; -0.49; -10.98; -0.05; -1.01; 0.08
9840; 0.42; -0.44; -10.95; -0.12; -1.11; -0.21
9867; 0.47; -0.45; -10.94; -0.04; -1.28; 0.31
9893; 0.42; -0.48; -10.99; 0.0; -1.1; -0.31
9919; 0.46; -0.48; -10.93; -0.12; -1.14; 0.34
9946; 0.48; -0.56; -11.0; -0.07; -1.05; 1.49
9972; 0.51; -0.47; -10.9; -0.04; -1.03; 2.63
9999; 0.42; -0.45; -10.97; 0.06; -1.12; 4.81
10024; 0.45; -0.43; -10.92; -0.02; -0.92; 6.17
10057; 0.46; -0.48; -10.8; 0.21; -0.95; 7.28
10084; 0.53; -0.47; -10.94; 0.18; -0.95; 7.89
10110; 0.44; -0.48; -10.91; 0.38; -0.94; 9.76
10137; 0.5; -0.52; -10.91; 0.21; -0.96; 11.15
10164; 0.48; -0.54; -10.97; 0.26; -0.74; 11.78
10190; 0.42; -0.49; -10.93; 0.29; -0.47; 13.25
10217; 0.43; -0.52; -10.85; 0.41; -0.79; 14.58
10244; 0.51; -0.5; -11.01; 0.33; -0.84; 15.23
10270; 0.44; -0.5; -10.89; 0.38; -0.82; 16.77
10297; 0.5; -0.51; -10.97; 0.68; -0.63; 18.05
10323; 0.4; -0.46; -10.87; 0.75; -0.37; 18.71
10350; 0.46; -0.48; -10.99; 0.66; -0.5; 20.74
10383; 0.44; -0.48; -10.81; 0.81; -0.5; 21.6
10409; 0.41; -0.5; -10.93; 0.66; -0.44; 23.3
10435; 0.44; -0.48; -10.94; 0.74; -0.49; 24.02
10462; 0.46; -0.51; -10.94; 0.71; -0.27; 25.44
10488; 0.46; -0.49; -10.99; 0.98; -0.4; 26.84
10515; 0.44; -0.48; -11.01; 0.96; -0.47; 27.5
10557; 0.46; -0.4; -10.92; 0.86; -0.21; 30.24
10584; 0.43; -0.48; -10.99; 1.05; -0.21; 31.19
10609; 0.44; -0.5; -10.93; 0.98; -0.1; 31.97
10636; 0.46; -0.49; -10.9; 0.98; -0.21; 33.32
10662; 0.49; -0.53; -10.98; 1.02; -0.13; 34.44
10689; 0.45; -0.49; -10.9; 1.17; -0.11; 35.42
10722; 0.38; -0.51; -10.97; 1.08; -0.14; 36.8
10748; 0.5; -0.43; -10.94; 1.18; 0.1; 38.62
10775; 0.46; -0.48; -10.87; 1.21; -0.17; 39.47
10801; 0.44; -0.55; -10.87; 1.27; -0.1; 40.41
10827; 0.44; -0.45; -10.99; 1.6; -0.11; 41.99
10854; 0.47; -0.47; -10.93; 1.49; 0.3; 42.97
10881; 0.51; -0.45; -10.96; 1.55; 0.36; 44.26
10907; 0.47; -0.47; -10.9; 1.59; 0.08; 45.89
10933; 0.45; -0.48; -10.9; 1.53; 0.2; 46.23
10959; 0.47; -0.54; -10.94; 1.64; 0.31; 47.98
10986; 0.43; -0.44; -10.95; 1.67; 0.37; 49.42
11013; 0.41; -0.49; -10.89; 1.68; 0.37; 49.87
11044; 0.47; -0.51; -10.98; 1.81; 0.43; 51.45
11071; 0.4; -0.51; -10.92; 1.65; 0.42; 53.12
11098; 0.41; -0.5; -10.96; 1.69; 0.34; 54.13
11124; 0.46; -0.49; -10.94; 1.88; 0.71; 54.62
11151; 0.49; -0.49; -10.86; 1.95; 0.67; 56.49
11176; 0.43; -0.48; -10.94; 2.06; 0.64; 57.62
11203; 0.46; -0.47; -10.87; 2.04; 0.63; 58.72
11230; 0.43; -0.49; -10.96; 2.05; 0.78; 60.28
11256; 0.44; -0.46; -10.98; 2.19; 0.75; 60.82
11283; 0.47; -0.46; -10.96; 2.14; 0.85; 62.36
11309; 0.41; -0.49; -11.04; 2.01; 0.79; 63.6
11335; 0.41; -0.51; -10.93; 2.3; 1.01; 64.27
11368; 0.5; -0.48; -10.87; 2.47; 1.01; 65.9
11395; 0.49; -0.46; -10.94; 2.05; 1.05; 67.41
11420; 0.5; -0.48; -10.86; 2.24; 0.93; 68.84
11447; 0.43; -0.45; -11.04; 2.52; 1.11; 69.31
11473; 0.55; -0.52; -10.94; 2.56; 0.95; 70.72
11500; 0.46; -0.5; -10.87; 2.43; 1.09; 72.21
11527; 0.47; -0.44; -10.93; 2.46; 1.2; 72.99
11553; 0.37; -0.45; -10.93; 2.61; 1.22; 74.55
11580; 0.38; -0.47; -10.99; 2.45; 1.46; 75.86
11607; 0.44; -0.49; -10.88; 2.75; 1.1; 76.43
11633; 0.46; -0.46; -10.85; 2.69; 1.17; 78.01
11660; 0.42; -0.46; -10.96; 2.94; 1.52; 79.78
11693; 0.4; -0.46; -10.9; 2.69; 1.41; 81.06
11719; 0.39; -0.44; -10.92; 2.74; 1.27; 81.65
11745; 0.46; -0.45; -10.95; 2.91; 1.69; 82.85
11771; 0.45; -0.43; -10.92; 2.99; 1.44; 84.74
11798; 0.42; -0.49; -10.93; 2.92; 1.59; 85.37
11825; 0.44; -0.45; -10.88; 3.04; 1.54; 86.61
11851; 0.43; -0.51; -10.8; 3.06; 1.44; 87.81
11877; 0.45; -0.46; -10.99; 3.01; 1.61; 88.86
11904; 0.4; -0.45; -10.88; 3.13; 1.49; 90.76
11930; 0.45; -0.48; -10.92; 3.07; 1.91; 91.44
11957; 0.41; -0.44; -10.89; 3.28; 1.72; 92.27
11983; 0.51; -0.48; -10.97; 3.36; 1.97; 94.12
12015; 0.41; -0.46; -10.9; 3.24; 1.91; 95.79
12042; 0.49; -0.52; -10.93; 3.23; 1.83; 96.53
12068; 0.42; -0.45; -11.01; 3.43; 1.98; 97.09
12095; 0.47; -0.44; -11.01; 3.31; 1.91; 99.1
12121; 0.43; -0.44; -11.01; 3.54; 2.03; 99.88
12147; 0.41; -0.48; -10.91; 3.47; 2.02; 101.1
12174; 0.4; -0.46; -10.85; 3.38; 1.86; 102.36
12200; 0.45; -0.41; -10.9; 3.56; 2.26; 103.1
12227; 0.45; -0.52; -10.88; 3.87; 2.15; 105.18
12254; 0.39; -0.41; -11.0; 3.66; 1.95; 106.16
12280; 0.44; -0.49; -10.95; 3.68; 2.2; 106.61
12306; 0.49; -0.44; -10.96; 3.81; 2.31; 108.55
12339; 0.43; -0.46; -10.85; 3.75; 2.1; 110.05
12375; 0.34; -0.38; -11.0; 4.04; 2.07; 111.02
12401; 0.45; -0.48; -10.91; 4.06; 2.17; 112.91
12428; 0.4; -0.45; -10.97; 3.78; 2.37; 113.89
12454; 0.47; -0.43; -10.9; 3.95; 2.38; 114.75
12481; 0.43; -0.44; -10.97; 4.19; 2.59; 116.31
12508; 0.38; -0.53; -10.85; 4.14; 2.43; 117.24
12534; 0.45; -0.44; -10.99; 4.37; 2.64; 118.55
12561; 0.45; -0.42; -10.95; 4.34; 2.6; 119.93
12588; 0.38; -0.42; -10.92; 4.31; 2.6; 120.45
12614; 0.44; -0.38; -10.94; 4.25; 2.74; 120.13
12640; 0.49; -0.41; -10.9; 4.26; 2.6; 119.54
12673; 0.45; -0.35; -10.91; 4.24; 2.61; 120.07
12699; 0.47; -0.47; -10.94; 4.28; 2.74; 120.12
12726; 0.52; -0.47; -10.92; 4.28; 2.63; 119.76
12752; 0.53; -0.46; -10.98; 4.23; 2.69; 120.04
12779; 0.42; -0.4; -11.0; 4.33; 2.78; 119.67
12806; 0.45; -0.4; -10.93; 4.35; 2.67; 119.64
12832; 0.41; -0.44; -10.92; 4.17; 2.52; 120.33
12859; 0.46; -0.5; -10.94; 4.23; 2.67; 120.09
12886; 0.41; -0.5; -10.96; 4.25; 2.55; 119.21
12912; 0.44; -0.46; -10.93; 4.32; 2.7; 120.03
12939; 0.4; -0.52; -10.98; 4.26; 2.83; 120.25
12965; 0.44; -0.48; -10.88; 4.08; 2.69; 119.07
12998; 0.4; -0.43; -10.88; 4.33; 2.69; 119.7
13025; 0.39; -0.49; -10.95; 4.24; 2.72; 119.59
13051; 0.46; -0.46; -10.99; 4.15; 2.71; 120.06
13078; 0.44; -0.52; -10.97; 4.23; 2.67; 119.66
13104; 0.48; -0.46; -10.9; 4.26; 2.62; 119.85
13130; 0.4; -0.5; -11.04; 4.08; 2.67; 120.14
13157; 0.43; -0.46; -10.99; 4.44; 2.57; 119.66
13184; 0.41; -0.45; -10.93; 4.26; 2.57; 119.94
13210; 0.43; -0.46; -10.9; 4.2; 2.56; 120.06
13237; 0.46; -0.45; -10.9; 4.34; 2.65; 119.57
13262; 0.38; -0.45; -10.99; 4.21; 2.57; 120.24
13289; 0.48; -0.49; -10.85; 4.27; 2.66; 119.78
13322; 0.39; -0.43; -10.9; 4.21; 2.7; 120.17
13348; 0.39; -0.41; -10.91; 4.15; 2.53; 119.6
13375; 0.42; -0.47; -10.97; 4.25; 2.6; 119.9
13402; 0.47; -0.46; -11.06; 4.34; 2.58; 119.95
13427; 0.51; -0.49; -10.86; 4.26; 2.59; 119.63
13454; 0.45; -0.47; -10.92; 4.01; 2.66; 120.06
13480; 0.41; -0.48; -10.92; 4.35; 2.52; 119.82
13507; 0.41; -0.53; -10.95; 4.33; 2.61; 119.76
13534; 0.44; -0.46; -10.85; 4.17; 2.56; 120.09
13560; 0.45; -0.43; -10.98; 4.4; 2.68; 119.66
13587; 0.44; -0.45; -10.88; 4.18; 2.65; 119.93
13629; 0.44; -0.42; -10.94; 4.2; 2.62; 119.87
13661; 0.52; -0.49; -10.87; 4.46; 2.46; 120.19
13687; 0.45; -0.46; -10.91; 4.34; 2.48; 119.71
13714; 0.41; -0.47; -10.93; 4.2; 2.56; 119.87
13741; 0.43; -0.46; -10.94; 4.33; 2.82; 120.26
13767; 0.44; -0.44; -11.05; 4.2; 2.64; 119.61
13793; 0.43; -0.47; -10.95; 4.14; 2.48; 119.76
13819; 0.46; -0.41; -10.96; 4.24; 2.59; 120.22
13846; 0.44; -0.45; -10.98; 4.23; 2.75; 119.58
13873; 0.47; -0.5; -10.93; 4.18; 2.64; 119.9
13899; 0.44; -0.48; -10.96; 4.25; 2.56; 119.87
13926; 0.43; -0.49; -10.95; 4.29; 2.66; 119.63
13953; 0.43; -0.49; -10.92; 4.32; 2.82; 120.23
13984; 0.47; -0.46; -10.94; 4.22; 2.51; 119.93
14011; 0.4; -0.49; -10.87; 4.3; 2.81; 120.22
14038; 0.45; -0.47; -10.94; 4.25; 2.54; 119.54
14064; 0.45; -0.43; -10.85; 4.26; 2.58; 119.65
14091; 0.45; -0.44; -10.97; 4.42; 2.82; 120.2
14117; 0.42; -0.5; -10.92; 4.28; 2.56; 119.62
14144; 0.5; -0.52; -11.02; 4.23; 2.68; 119.73
14171; 0.38; -0.49; -10.87; 4.21; 2.63; 120.32
14197; 0.44; -0.55; -10.93; 4.38; 2.64; 119.66
14224; 0.45; -0.48; -11.1; 4.21; 2.63; 119.54
14251; 0.43; -0.47; -10.99; 4.15; 2.56; 120.24
14277; 0.46; -0.49; -10.98; 4.19; 2.46; 119.75
14310; 0.37; -0.5; -10.96; 4.1; 2.75; 119.9
14337; 0.41; -0.48; -10.92; 3.99; 2.8; 119.58
14363; 0.39; -0.48; -10.98; 4.23; 2.74; 119.99
14389; 0.43; -0.46; -10.98; 4.26; 2.61; 119.81
14415; 0.4; -0.51; -10.91; 4.22; 2.73; 119.59
14442; 0.41; -0.5; -10.94; 4.19; 2.64; 120.07
14469; 0.47; -0.46; -10.93; 4.18; 2.58; 119.55
14495; 0.43; -0.5; -10.87; 4.17; 2.5; 119.8
14522; 0.44; -0.42; -10.88; 4.4; 2.56; 120.04
14547; 0.45; -0.42; -10.93; 4.21; 2.56; 119.32
14574; 0.45; -0.47; -11.0; 4.26; 2.67; 119.87
14601; 0.4; -0.46; -10.95; 4.09; 2.57; 120.19
14633; 0.44; -0.45; -10.83; 4.17; 2.65; 120.22
14660; 0.46; -0.46; -10.98; 4.38; 2.85; 119.76
14686; 0.41; -0.43; -10.85; 4.21; 2.71; 119.78
14712; 0.45; -0.45; -11.03; 4.3; 2.55; 119.9
14739; 0.47; -0.46; -10.99; 4.15; 2.7; 119.5
14766; 0.43; -0.43; -10.95; 4.38; 2.56; 120.01
14792; 0.33; -0.44; -11.04; 4.26; 2.57; 119.99
14818; 0.49; -0.49; -10.93; 4.22; 2.58; 119.51
14844; 0.45; -0.5; -10.9; 4.27; 2.5; 120.25
14871; 0.43; -0.49; -10.88; 4.41; 2.78; 119.71
14898; 0.51; -0.47; -10.89; 4.29; 2.72; 119.44
14924; 0.4; -0.46; -10.93; 4.22; 2.72; 120.35
14956; 0.38; -0.44; -10.88; 4.23; 2.72; 119.93
14983; 0.34; -0.45; -10.89; 4.21; 2.56; 119.71
15009; 0.43; -0.51; -11.02; 4.07; 2.57; 119.9
15036; 0.53; -0.48; -10.94; 4.42; 2.47; 120.11
15063; 0.44; -0.48; -11.0; 4.14; 2.59; 119.48
15088; 0.47; -0.5; -11.02; 4.23; 2.54; 119.9
15115; 0.42; -0.51; -10.91; 4.32; 2.45; 120.01
15141; 0.43; -0.46; -10.98; 4.27; 2.64; 119.45
15168; 0.34; -0.51; -10.94; 4.3; 2.62; 120.12
15195; 0.4; -0.48; -10.95; 4.33; 2.4; 120.12
15221; 0.41; -0.46; -10.9; 4.27; 2.5; 119.48
15247; 0.47; -0.5; -10.81; 4.35; 2.75; 120.29
15280; 0.46; -0.5; -10.85; 4.19; 2.66; 120.1
15306; 0.39; -0.47; -10.97; 4.19; 2.62; 119.9
15333; 0.48; -0.48; -11.01; 4.18; 2.39; 119.82
15360; 0.38; -0.45; -10.94; 4.11; 2.74; 119.88
15386; 0.4; -0.49; -10.9; 4.34; 2.72; 120.0
15413; 0.47; -0.42; -10.94; 4.38; 2.54; 119.52
15439; 0.45; -0.42; -11.0; 4.59; 2.57; 119.79
15466; 0.37; -0.41; -10.99; 4.18; 2.58; 119.87
15493; 0.39; -0.39; -10.96; 4.04; 2.5; 119.8
15519; 0.46; -0.5; -10.93; 4.42; 2.65; 120.06
15546; 0.41; -0.46; -10.95; 4.3; 2.72; 120.1
15572; 0.47; -0.51; -10.89; 4.03; 2.73; 119.49
15604; 0.49; -0.45; -10.87; 4.32; 2.68; 120.06
15641; 0.34; -0.41; -10.88; 4.3; 2.37; 120.0
15668; 0.46; -0.42; -10.98; 4.08; 2.86; 119.69
15694; 0.45; -0.42; -10.92; 4.19; 2.63; 120.03
15721; 0.56; -0.42; -10.96; 4.1; 2.65; 120.12
15748; 0.46; -0.45; -10.92; 4.05; 2.57; 119.69
15774; 0.42; -0.49; -10.88; 4.27; 2.75; 119.81
15800; 0.43; -0.44; -10.95; 4.12; 2.48; 119.9
15826; 0.45; -0.45; -10.92; 4.19; 2.62; 119.54
15853; 0.46; -0.47; -10.88; 4.28; 2.49; 120.16
15880; 0.4; -0.41; -11.05; 4.13; 2.5; 119.6
15911; 0.44; -0.47; -10.93; 4.18; 2.59; 120.01
15938; 0.43; -0.47; -10.81; 4.23; 2.49; 119.52
15965; 0.44; -0.47; -10.86; 4.33; 2.69; 119.98
15991; 0.46; -0.46; -10.92; 4.21; 2.66; 119.78
16018; 0.47; -0.4; -10.93; 4.39; 2.48; 119.58
16044; 0.46; -0.49; -10.99; 4.18; 2.56; 120.24
16070; 0.4; -0.46; -10.93; 4.36; 2.63; 119.4
16097; 0.37; -0.45; -10.91; 4.24; 2.47; 119.89
16123; 0.41; -0.47; -10.96; 4.19; 2.61; 119.9
16150; 0.38; -0.46; -10.95; 4.3; 2.46; 119.39
16176; 0.45; -0.43; -10.98; 4.28; 2.55; 120.11
16202; 0.47; -0.48; -10.96; 4.14; 2.7; 119.9
16233; 0.39; -0.44; -10.95; 4.09; 2.43; 119.55
16260; 0.49; -0.49; -10.93; 4.11; 2.53; 120.17
16286; 0.46; -0.43; -10.92; 4.2; 2.72; 119.76
16313; 0.47; -0.44; -11.04; 4.21; 2.55; 119.57
16338; 0.5; -0.46; -10.91; 4.03; 2.66; 120.23
16365; 0.44; -0.44; -10.94; 4.19; 2.53; 119.49
16392; 0.48; -0.52; -10.93; 4.09; 2.92; 119.83
16418; 0.43; -0.51; -10.96; 4.23; 2.46; 120.16
16445; 0.52; -0.47; -10.91; 4.19; 2.75; 119.44
16471; 0.5; -0.49; -10.95; 4.36; 2.39; 120.12
16497; 0.44; -0.46; -10.93; 4.33; 2.65; 120.0
16524; 0.45; -0.53; -10.97; 4.25; 2.57; 119.63
16556; 0.47; -0.47; -10.95; 4.14; 2.53; 119.58
16582; 0.41; -0.45; -10.96; 4.03; 2.94; 120.25
16610; 0.47; -0.52; -10.93; 4.29; 2.56; 120.1
16636; 0.41; -0.42; -10.94; 4.32; 2.67; 119.6
16663; 0.5; -0.46; -10.94; 4.27; 2.62; 119.93
16705; 0.43; -0.5; -11.01; 4.23; 2.73; 120.06
16733; 0.49; -0.52; -10.89; 4.23; 2.5; 119.67
16759; 0.52; -0.46; -10.93; 4.29; 2.5; 119.67
16786; 0.44; -0.5; -10.97; 4.24; 2.77; 119.88
16813; 0.45; -0.49; -10.92; 4.26; 2.67; 119.97
16840; 0.52; -0.5; -10.93; 4.12; 2.69; 119.69
16867; 0.44; -0.51; -10.95; 4.21; 2.66; 119.5
16900; 0.45; -0.45; -10.99; 4.39; 2.62; 119.46
16926; 0.42; -0.43; -10.92; 4.05; 2.69; 119.96
16953; 0.45; -0.43; -10.93; 4.21; 2.48; 120.17
16979; 0.46; -0.43; -10.92; 4.3; 2.59; 119.58
17006; 0.45; -0.46; -10.98; 4.24; 2.77; 119.78
17033; 0.43; -0.46; -10.93; 4.15; 2.67; 120.18
17059; 0.35; -0.44; -11.01; 4.13; 2.67; 119.48
17086; 0.41; -0.4; -10.85; 4.32; 2.72; 119.93
17113; 0.46; -0.51; -10.94; 4.29; 2.53; 120.25
17139; 0.44; -0.47; -11.0; 4.14; 2.64; 119.58
17166; 0.43; -0.47; -10.91; 4.09; 2.57; 119.66
17192; 0.46; -0.47; -10.87; 4.33; 2.49; 120.22
17224; 0.49; -0.48; -10.93; 4.24; 2.56; 119.74
17251; 0.48; -0.45; -10.92; 4.22; 2.71; 120.19
17277; 0.49; -0.43; -10.93; 4.09; 2.63; 119.64
17304; 0.4; -0.47; -10.93; 4.26; 2.56; 119.64
17331; 0.45; -0.47; -11.0; 4.36; 2.55; 120.36
17357; 0.47; -0.45; -10.93; 4.36; 2.6; 119.51
17385; 0.46; -0.47; -10.87; 4.32; 2.57; 119.54
17411; 0.37; -0.48; -10.99; 4.2; 2.59; 120.35
17437; 0.42; -0.5; -10.91; 4.15; 2.76; 119.9
17464; 0.43; -0.47; -10.97; 4.38; 2.62; 119.49
17491; 0.46; -0.47; -10.92; 4.17; 2.48; 119.99
17518; 0.4; -0.4; -10.97; 4.12; 2.72; 119.97
17550; 0.45; -0.43; -10.91; 4.2; 2.61; 119.87
17576; 0.38; -0.51; -10.97; 4.01; 2.6; 119.47
17603; 0.35; -0.42; -10.93; 4.27; 2.73; 119.74
17630; 0.45; -0.44; -11.02; 4.17; 2.7; 120.05
17656; 0.38; -0.48; -10.97; 4.36; 2.83; 119.63
17683; 0.41; -0.46; -10.94; 4.32; 2.56; 119.9
17710; 0.41; -0.46; -10.97; 4.16; 2.78; 119.93
17736; 0.44; -0.46; -11.02; 4.12; 2.73; 119.6
17763; 0.42; -0.49; -10.95; 4.2; 2.62; 119.88
17789; 0.4; -0.48; -10.91; 4.15; 2.54; 120.01
17816; 0.5; -0.45; -10.94; 4.12; 2.72; 119.51
17843; 0.41; -0.46; -10.96; 4.18; 2.48; 119.58
17875; 0.44; -0.47; -10.93; 4.17; 2.75; 119.64
17902; 0.45; -0.42; -11.03; 4.25; 2.5; 120.03
17929; 0.41; -0.43; -10.9; 4.36; 2.53; 120.29
17955; 0.44; -0.45; -10.93; 4.23; 2.62; 119.39
17982; 0.42; -0.51; -10.96; 4.3; 2.27; 119.63
18009; 0.48; -0.52; -10.86; 4.3; 2.61; 120.46
18035; 0.46; -0.43; -10.93; 4.16; 2.53; 119.69
18063; 0.41; -0.5; -10.97; 4.32; 2.61; 119.45
18089; 0.43; -0.45; -10.93; 4.13; 2.84; 120.08
18116; 0.41; -0.44; -10.97; 4.35; 2.5; 120.22
18143; 0.39; -0.49; -10.97; 4.16; 2.59; 119.52
18169; 0.37; -0.48; -10.94; 4.22; 2.78; 119.67
18202; 0.49; -0.45; -10.94; 4.2; 2.66; 119.43
18229; 0.46; -0.49; -10.91; 4.13; 2.68; 119.88
18255; 0.41; -0.43; -10.89; 4.18; 2.56; 120.18
18282; 0.43; -0.48; -10.92; 4.14; 2.57; 119.44
18309; 0.41; -0.5; -11.01; 4.14; 2.77; 119.69
18335; 0.52; -0.47; -10.9; 4.16; 2.62; 120.39
18362; 0.48; -0.46; -10.93; 4.51; 2.62; 119.48
18388; 0.44; -0.49; -10.94; 4.22; 2.63; 119.79
18415; 0.42; -0.42; -10.93; 4.36; 2.62; 120.23
18442; 0.46; -0.4; -11.05; 4.12; 2.37; 119.58
18468; 0.4; -0.44; -10.9; 4.29; 2.65; 119.63
18495; 0.41; -0.42; -10.89; 4.31; 2.59; 120.28
18527; 0.37; -0.44; -10.92; 4.43; 2.46; 120.2
18553; 0.4; -0.47; -10.98; 4.35; 2.44; 119.77
18580; 0.45; -0.47; -10.97; 4.2; 2.51; 119.68
18607; 0.42; -0.46; -10.97; 4.3; 2.67; 120.25
18633; 0.4; -0.46; -10.88; 4.26; 2.57; 119.77
18660; 0.46; -0.42; -10.88; 4.25; 2.53; 119.48
18686; 0.44; -0.43; -10.89; 4.26; 2.44; 120.09
18713; 0.44; -0.42; -10.92; 4.39; 2.56; 119.83
18740; 0.39; -0.42; -11.03; 4.27; 2.64; 119.66
18766; 0.38; -0.43; -10.95; 4.4; 2.7; 120.16
18793; 0.45; -0.47; -10.93; 4.16; 2.67; 119.88
18820; 0.39; -0.46; -10.93; 4.29; 2.85; 119.4
18852; 0.48; -0.41; -10.81; 4.1; 2.69; 119.46
18879; 0.4; -0.37; -10.86; 4.28; 2.56; 119.58
18915; 0.43; -0.46; -11.01; 4.17; 2.85; 119.61
18941; 0.39; -0.43; -10.93; 4.28; 2.46; 119.99
18968; 0.42; -0.5; -10.92; 4.2; 2.59; 119.7
18995; 0.43; -0.44; -10.82; 4.23; 2.59; 119.48
19021; 0.49; -0.41; -10.9; 4.27; 2.63; 120.09
19048; 0.45; -0.45; -10.93; 4.1; 2.71; 120.06
19075; 0.41; -0.41; -10.88; 4.26; 2.53; 119.39
19101; 0.5; -0.39; -11.03; 4.35; 2.56; 119.86
19128; 0.47; -0.43; -10.97; 4.43; 2.68; 120.06
19154; 0.45; -0.46; -10.95; 4.17; 2.6; 119.63
19179; 0.49; -0.45; -10.92; 4.45; 2.37; 119.93
19206; 0.45; -0.52; -10.91; 4.3; 2.63; 119.69
19233; 0.41; -0.43; -10.89; 4.37; 2.67; 120.09
19260; 0.43; -0.46; -10.99; 4.26; 2.66; 120.04
19287; 0.46; -0.52; -11.0; 4.3; 2.71; 119.77
19313; 0.46; -0.47; -10.97; 4.36; 2.52; 119.72
19340; 0.44; -0.43; -10.9; 4.3; 2.61; 120.19
19366; 0.5; -0.44; -10.92; 4.33; 2.41; 119.64
19393; 0.41; -0.52; -10.98; 4.19; 2.5; 119.59
19420; 0.52; -0.46; -10.97; 4.23; 2.69; 120.21
19447; 0.45; -0.47; -10.9; 4.12; 2.43; 120.02
19479; 0.41; -0.46; -10.93; 4.2; 2.68; 120.27
19506; 0.44; -0.49; -10.87; 4.23; 2.49; 119.86
19532; 0.4; -0.42; -10.94; 4.23; 2.66; 119.64
19559; 0.49; -0.47; -10.91; 4.15; 2.66; 120.12
19586; 0.45; -0.45; -10.91; 4.12; 2.62; 119.75
19612; 0.51; -0.44; -10.91; 4.36; 2.63; 119.82
19639; 0.45; -0.5; -11.02; 4.16; 2.63; 120.06
19665; 0.49; -0.52; -10.99; 4.22; 2.53; 119.72
19692; 0.47; -0.48; -10.86; 4.3; 2.41; 119.68
19719; 0.49; -0.51; -10.93; 4.33; 2.62; 119.96
19745; 0.46; -0.46; -10.96; 4.26; 2.74; 119.9
19772; 0.46; -0.43; -10.92; 4.24; 2.63; 119.84
19829; 0.44; -0.5; -10.98; 4.42; 2.68; 120.25
19856; 0.41; -0.5; -10.88; 4.34; 2.48; 119.63
19883; 0.43; -0.44; -10.94; 4.3; 2.49; 119.79
19909; 0.45; -0.47; -10.91; 4.1; 2.63; 120.03
19936; 0.5; -0.43; -10.88; 4.3; 2.59; 119.67
19962; 0.4; -0.42; -10.88; 4.23; 2.76; 120.0
19989; 0.46; -0.47; -10.94; 4.26; 2.58; 119.98
20016; 0.47; -0.39; -10.94; 4.38; 2.57; 119.72
20042; 0.5; -0.51; -10.94; 4.24; 2.4; 119.82
20069; 0.41; -0.47; -10.99; 4.25; 2.57; 119.97
20096; 0.44; -0.43; -10.95; 4.23; 2.48; 119.74
20121; 0.43; -0.46; -10.96; 4.3; 2.69; 119.87
20154; 0.41; -0.46; -10.98; 4.19; 2.42; 119.82
20180; 0.47; -0.48; -10.8; 4.14; 2.62; 120.12
20207; 0.49; -0.45; -10.86; 4.02; 2.65; 119.51
20234; 0.49; -0.49; -10.92; 4.18; 2.48; 119.7
20260; 0.54; -0.43; -10.88; 4.19; 2.63; 120.31
20287; 0.35; -0.43; -10.87; 4.34; 2.53; 119.35
20314; 0.39; -0.47; -10.86; 4.21; 2.45; 119.74
20340; 0.47; -0.48; -10.9; 4.26; 2.6; 120.19
20367; 0.41; -0.5; -10.99; 4.2; 2.45; 119.51
20393; 0.41; -0.48; -10.97; 4.14; 2.46; 119.73
20419; 0.49; -0.43; -10.94; 4.1; 2.73; 120.2
20446; 0.47; -0.49; -10.93; 4.25; 2.56; 119.73
20478; 0.45; -0.46; -11.01; 4.07; 2.66; 119.83
20505; 0.42; -0.48; -10.95; 4.37; 2.3; 119.65
20532; 0.44; -0.45; -10.9; 4.05; 2.71; 120.02
20558; 0.41; -0.46; -10.96; 4.33; 2.65; 119.69
20585; 0.46; -0.51; -10.88; 4.18; 2.53; 119.34
20612; 0.43; -0.45; -10.94; 4.29; 2.67; 119.94
20638; 0.51; -0.43; -11.0; 4.17; 2.57; 120.15
20666; 0.42; -0.5; -10.94; 4.29; 2.46; 119.72
20692; 0.44; -0.46; -10.91; 4.26; 2.64; 119.81
20719; 0.4; -0.43; -10.92; 4.33; 2.55; 119.97
20746; 0.47; -0.46; -10.95; 4.32; 2.47; 119.68
20772; 0.45; -0.45; -10.93; 4.21; 2.56; 119.75
20805; 0.45; -0.47; -10.87; 4.32; 2.55; 119.5
20832; 0.42; -0.49; -10.95; 4.4; 2.76; 120.01
20858; 0.51; -0.43; -10.98; 4.28; 2.24; 120.06
20884; 0.5; -0.54; -11.06; 4.26; 2.82; 119.43
20911; 0.39; -0.47; -10.87; 4.29; 2.75; 120.03
20937; 0.41; -0.44; -10.92; 4.26; 2.51; 120.24
20964; 0.45; -0.52; -10.97; 4.41; 2.65; 119.42
20990; 0.41; -0.48; -10.95; 4.23; 2.71; 119.98
21017; 0.4; -0.52; -10.96; 4.25; 2.59; 120.17
21044; 0.4; -0.44; -10.91; 4.35; 2.45; 119.63
21070; 0.41; -0.41; -10.87; 4.2; 2.51; 120.03
21097; 0.41; -0.52; -10.93; 4.23; 2.56; 120.09
21129; 0.47; -0.5; -10.93; 4.2; 2.69; 120.02
21155; 0.46; -0.41; -11.0; 4.36; 2.3; 119.85
21182; 0.39; -0.48; -10.85; 4.22; 2.72; 119.93
21209; 0.45; -0.49; -10.88; 4.18; 2.64; 119.98
21235; 0.42; -0.52; -10.96; 4.3; 2.62; 119.56
21262; 0.45; -0.45; -10.87; 4.23; 2.56; 120.06
21288; 0.44; -0.48; -10.9; 4.14; 2.61; 119.99
21315; 0.37; -0.46; -10.99; 4.23; 2.79; 119.58
21342; 0.4; -0.49; -10.95; 4.35; 2.83; 120.0
21368; 0.48; -0.46; -10.88; 4.26; 2.52; 120.07
21394; 0.46; -0.42; -10.94; 4.43; 2.62; 119.67
21421; 0.44; -0.44; -10.96; 4.26; 2.5; 120.19
21453; 0.43; -0.47; -10.99; 4.26; 2.51; 119.52
21480; 0.41; -0.49; -10.93; 4.44; 2.56; 119.98
21507; 0.44; -0.47; -10.95; 4.17; 2.46; 119.74
21533; 0.42; -0.46; -10.91; 4.14; 2.76; 119.85
21560; 0.41; -0.48; -10.93; 4.2; 2.26; 120.0
21586; 0.42; -0.48; -10.86; 4.19; 2.77; 119.74
21612; 0.41; -0.48; -10.83; 4.3; 2.63; 120.17
21639; 0.39; -0.42; -10.89; 4.38; 2.68; 119.86
21665; 0.45; -0.46; -10.82; 4.39; 2.5; 119.44
21692; 0.46; -0.46; -11.02; 4.37; 2.62; 119.96
21719; 0.43; -0.39; -10.95; 4.17; 2.57; 119.88
21745; 0.42; -0.49; -10.93; 4.42; 2.66; 119.63
21778; 0.45; -0.49; -10.94; 4.2; 2.59; 119.74
21805; 0.46; -0.47; -10.93; 4.33; 2.52; 119.31
21831; 0.45; -0.44; -10.93; 4.26; 2.59; 120.25
21858; 0.52; -0.49; -10.97; 4.32; 2.48; 119.95
21884; 0.46; -0.43; -10.92; 4.2; 2.53; 119.48
21911; 0.47; -0.48; -10.89; 4.19; 2.49; 120.06
21938; 0.44; -0.46; -10.9; 4.2; 2.81; 119.98
21964; 0.43; -0.47; -10.93; 4.3; 2.47; 119.51
21991; 0.4; -0.45; -10.93; 4.06; 2.56; 119.77
22018; 0.39; -0.48; -10.91; 4.14; 2.61; 120.0
22044; 0.4; -0.44; -10.97; 4.33; 2.8; 119.59
22071; 0.48; -0.49; -10.95; 4.15; 2.56; 119.83
22104; 0.49; -0.48; -10.92; 4.2; 2.58; 119.48
22130; 0.43; -0.49; -10.88; 4.29; 2.82; 119.94
22157; 0.45; -0.45; -10.83; 4.16; 2.46; 119.82
22193; 0.41; -0.42; -10.92; 4.17; 2.66; 120.19
22219; 0.41; -0.41; -10.91; 4.18; 2.67; 119.54
22246; 0.46; -0.44; -11.01; 4.25; 2.52; 119.8
22273; 0.43; -0.51; -10.91; 4.32; 2.67; 120.04
22299; 0.52; -0.47; -10.96; 4.34; 2.62; 119.4
22326; 0.49; -0.45; -10.93; 4.36; 2.67; 119.9
22352; 0.45; -0.39; -10.93; 4.22; 2.56; 119.93
22379; 0.47; -0.44; -10.97; 4.24; 2.67; 119.44
22406; 0.42; -0.49; -10.96; 4.22; 2.7; 120.14
22437; 0.41; -0.48; -10.86; 4.23; 2.62; 119.78
22464; 0.53; -0.46; -10.99; 4.26; 2.48; 120.05
22491; 0.43; -0.49; -10.91; 4.33; 2.62; 119.77
22517; 0.47; -0.46; -10.93; 4.33; 2.58; 119.77
22544; 0.44; -0.46; -10.96; 4.22; 2.57; 120.1
22571; 0.43; -0.53; -10.91; 4.36; 2.72; 119.72
22597; 0.47; -0.55; -10.97; 4.53; 2.49; 119.79
22624; 0.46; -0.49; -10.96; 4.26; 2.59; 120.04
22649; 0.46; -0.44; -10.85; 4.42; 2.43; 119.89
22676; 0.43; -0.44; -10.9; 4.23; 2.6; 120.16
22703; 0.39; -0.48; -10.91; 4.12; 2.66; 119.96
22767; 0.45; -0.49; -10.86; 4.36; 2.75; 120.12
22794; 0.42; -0.45; -11.05; 4.14; 2.47; 119.6
22820; 0.41; -0.45; -10.96; 4.05; 2.49; 119.67
22847; 0.46; -0.54; -10.92; 4.1; 2.55; 120.28
22874; 0.44; -0.48; -10.93; 4.36; 2.6; 119.35
22900; 0.44; -0.49; -10.9; 4.36; 2.58; 119.67
22942; 0.46; -0.46; -10.91; 4.32; 2.69; 119.95
22968; 0.43; -0.46; -10.87; 4.26; 2.53; 119.56
22994; 0.41; -0.47; -10.95; 4.2; 2.66; 120.36
23021; 0.44; -0.48; -10.95; 4.17; 2.57; 119.93
23048; 0.46; -0.47; -10.99; 4.39; 2.49; 119.48
23074; 0.43; -0.42; -10.92; 4.12; 2.66; 120.27
23107; 0.41; -0.47; -10.94; 4.36; 2.33; 120.06
23134; 0.52; -0.48; -10.99; 4.3; 2.54; 119.76
23160; 0.44; -0.5; -10.9; 4.39; 2.59; 119.52
23187; 0.46; -0.49; -10.92; 4.15; 2.52; 119.94
23214; 0.45; -0.47; -10.96; 4.17; 2.62; 120.06
23240; 0.48; -0.46; -10.98; 4.23; 2.62; 119.39
23267; 0.46; -0.44; -10.92; 4.08; 2.44; 119.98
23293; 0.42; -0.51; -10.93; 4.34; 2.65; 120.07
23320; 0.48; -0.5; -10.91; 4.09; 2.3; 119.51
23347; 0.46; -0.43; -10.98; 4.1; 2.56; 119.78
23373; 0.45; -0.53; -10.93; 4.25; 2.56; 120.09
23400; 0.39; -0.48; -11.03; 4.18; 2.76; 119.82
23433; 0.47; -0.46; -10.93; 4.17; 2.49; 120.01
23459; 0.51; -0.48; -10.92; 4.11; 2.8; 119.54
23485; 0.42; -0.52; -10.91; 4.13; 2.64; 119.88
23512; 0.46; -0.44; -10.98; 4.32; 2.83; 120.17
23538; 0.43; -0.48; -10.95; 4.08; 2.53; 119.45
23565; 0.45; -0.44; -10.95; 4.32; 2.62; 119.96
23591; 0.41; -0.44; -10.93; 4.43; 2.58; 119.79
23618; 0.43; -0.42; -10.94; 4.24; 2.6; 119.52
23645; 0.38; -0.42; -10.93; 4.14; 2.77; 120.13
23670; 0.43; -0.45; -10.96; 4.33; 2.69; 119.7
23697; 0.4; -0.44; -10.97; 4.26; 2.49; 119.76
23724; 0.42; -0.45; -10.9; 4.24; 2.48; 120.15
23756; 0.38; -0.49; -10.85; 4.25; 2.65; 120.25
23783; 0.4; -0.47; -10.95; 4.36; 2.6; 119.88
23810; 0.48; -0.47; -10.88; 4.17; 2.71; 119.45
23835; 0.4; -0.45; -11.03; 4.06; 2.66; 120.26
23862; 0.5; -0.46; -10.88; 4.37; 2.5; 119.64
23888; 0.44; -0.44; -10.91; 4.15; 2.47; 119.64
23915; 0.39; -0.49; -10.97; 4.29; 2.84; 120.33
23942; 0.44; -0.51; -10.9; 4.3; 2.72; 119.67
23968; 0.4; -0.41; -10.95; 4.33; 2.75; 119.8
23994; 0.42; -0.48; -10.85; 4.21; 2.56; 120.25
24020; 0.43; -0.49; -10.89; 4.11; 2.81; 119.4
24047; 0.46; -0.46; -10.87; 4.26; 2.5; 119.9
24080; 0.4; -0.48; -10.87; 4.32; 2.52; 120.0
24105; 0.46; -0.42; -10.85; 4.39; 2.73; 120.1
24132; 0.42; -0.49; -11.02; 4.26; 2.58; 119.62
24159; 0.43; -0.48; -10.94; 4.29; 2.69; 119.96
24185; 0.45; -0.46; -10.91; 4.4; 2.81; 120.08
24212; 0.4; -0.44; -10.91; 4.28; 2.72; 119.55
24239; 0.41; -0.51; -10.93; 4.17; 2.8; 120.12
24265; 0.4; -0.4; -10.97; 4.3; 2.53; 120.0
24291; 0.44; -0.46; -10.99; 4.15; 2.51; 119.48
24317; 0.43; -0.48; -10.95; 4.2; 2.29; 120.12
24344; 0.46; -0.42; -10.89; 4.43; 2.66; 120.05
24371; 0.43; -0.46; -10.92; 4.28; 2.63; 119.55
24403; 0.44; -0.45; -10.9; 4.2; 2.57; 119.51
24429; 0.43; -0.48; -11.02; 4.07; 2.62; 120.1
24456; 0.41; -0.51; -10.87; 4.25; 2.75; 119.84
24483; 0.38; -0.5; -10.97; 4.26; 2.64; 119.5
24510; 0.45; -0.47; -10.95; 4.26; 2.53; 120.4
24537; 0.47; -0.45; -10.9; 4.21; 2.74; 120.1
24563; 0.48; -0.53; -10.99; 4.28; 2.58; 119.47
24590; 0.46; -0.42; -11.0; 4.24; 2.91; 119.88
24616; 0.41; -0.46; -10.95; 4.34; 2.62; 120.06
24643; 0.44; -0.45; -10.96; 4.25; 2.53; 119.42
24670; 0.37; -0.45; -10.89; 4.04; 2.55; 119.9
24696; 0.39; -0.45; -10.99; 4.23; 2.69; 120.06
24728; 0.41; -0.45; -10.95; 4.21; 2.54; 120.03
24755; 0.47; -0.49; -10.96; 4.27; 2.76; 119.98
24781; 0.37; -0.41; -10.93; 4.22; 2.66; 119.48
24808; 0.47; -0.46; -10.94; 4.36; 2.57; 119.92
24835; 0.4; -0.46; -10.97; 4.2; 2.66; 119.8
24861; 0.42; -0.42; -10.96; 4.44; 2.45; 119.79
24887; 0.46; -0.44; -10.87; 4.3; 2.69; 119.96
24913; 0.46; -0.5; -10.9; 4.28; 2.52; 119.7
24940; 0.49; -0.46; -11.01; 4.22; 2.84; 120.14
24967; 0.45; -0.46; -10.95; 4.2; 2.62; 119.83
24993; 0.45; -0.43; -10.92; 4.37; 2.6; 119.48
25019; 0.46; -0.47; -10.93; 4.19; 2.67; 119.99
25052; 0.39; -0.42; -10.9; 4.41; 2.49; 119.94
25078; 0.44; -0.44; -10.96; 4.08; 2.76; 120.03
25105; 0.51; -0.44; -10.86; 4.23; 2.65; 119.64
25132; 0.44; -0.43; -11.05; 4.27; 2.65; 119.88
25157; 0.43; -0.45; -10.9; 4.26; 2.61; 119.79
25184; 0.44; -0.45; -10.96; 4.18; 2.6; 119.51
25210; 0.43; -0.42; -10.99; 4.07; 2.75; 120.23
25237; 0.41; -0.42; -11.0; 4.14; 2.58; 119.81
25264; 0.46; -0.43; -10.93; 4.26; 2.59; 119.85
25290; 0.42; -0.49; -10.89; 4.43; 2.59; 120.04
25316; 0.46; -0.44; -10.92; 4.2; 2.47; 119.61
25342; 0.44; -0.44; -10.99; 4.23; 2.31; 119.95
25375; 0.45; -0.47; -10.93; 4.27; 2.42; 119.68
25402; 0.45; -0.4; -10.93; 4.33; 2.61; 120.12
25428; 0.41; -0.47; -10.97; 4.21; 2.93; 119.61
25464; 0.47; -0.45; -10.94; 4.28; 2.56; 119.74
25491; 0.42; -0.45; -10.93; 4.16; 2.53; 119.67
25518; 0.43; -0.48; -10.87; 4.39; 2.68; 120.0
25544; 0.47; -0.37; -10.88; 4.39; 2.55; 119.57
25570; 0.4; -0.45; -10.89; 4.09; 2.69; 119.74
25596; 0.41; -0.51; -10.88; 4.24; 2.53; 120.35
25623; 0.4; -0.46; -10.92; 4.17; 2.5; 119.65
25650; 0.47; -0.44; -10.93; 4.2; 2.58; 119.83
25676; 0.47; -0.47; -10.82; 4.3; 2.5; 120.13
25708; 0.44; -0.47; -10.91; 4.23; 2.5; 120.22
25735; 0.42; -0.49; -10.9; 4.24; 2.52; 119.63
25761; 0.46; -0.48; -10.93; 4.2; 2.49; 119.67
25788; 0.44; -0.45; -10.95; 4.01; 2.65; 120.09
25815; 0.49; -0.42; -10.93; 4.17; 2.61; 119.82
25841; 0.49; -0.52; -10.83; 4.05; 2.59; 119.96
25868; 0.5; -0.46; -10.97; 4.27; 2.65; 120.15
25894; 0.46; -0.51; -10.92; 4.26; 2.44; 119.54
25921; 0.45; -0.51; -10.97; 4.17; 2.68; 119.8
25948; 0.47; -0.39; -10.87; 4.34; 2.5; 120.21
25974; 0.47; -0.47; -10.94; 4.37; 2.66; 119.54
26016; 0.43; -0.45; -10.92; 4.26; 2.64; 119.96
26049; 0.47; -0.42; -10.97; 4.23; 2.67; 119.58
26076; 0.46; -0.47; -10.9; 4.07; 2.45; 120.03
26102; 0.51; -0.43; -10.93; 4.33; 2.47; 119.77
26128; 0.39; -0.4; -10.95; 4.29; 2.67; 119.7
26155; 0.45; -0.45; -10.92; 4.41; 2.68; 120.09
26181; 0.37; -0.43; -10.96; 4.07; 2.78; 119.63
26208; 0.47; -0.56; -10.96; 4.14; 2.53; 119.75
26234; 0.46; -0.45; -10.87; 4.26; 2.56; 120.03
26260; 0.4; -0.53; -10.96; 4.27; 2.53; 119.67
26287; 0.46; -0.49; -10.98; 4.43; 2.66; 120.03
26313; 0.46; -0.48; -10.97; 4.2; 2.59; 119.9
26345; 0.44; -0.42; -10.97; 4.13; 2.63; 120.08
26372; 0.42; -0.46; -10.96; 4.13; 2.86; 119.48
26398; 0.45; -0.47; -10.93; 4.23; 2.61; 120.03
26425; 0.44; -0.49; -10.94; 4.26; 2.71; 119.83
26451; 0.48; -0.49; -10.98; 4.22; 2.46; 119.47
26477; 0.44; -0.48; -10.95; 4.31; 2.47; 120.2
26504; 0.42; -0.46; -10.98; 4.3; 2.63; 119.64
26530; 0.47; -0.48; -10.93; 4.2; 2.53; 119.82
26557; 0.5; -0.43; -10.92; 4.08; 2.32; 119.96
26584; 0.49; -0.45; -11.02; 4.36; 2.56; 119.47
26609; 0.46; -0.47; -10.9; 4.35; 2.72; 120.16
26636; 0.52; -0.51; -10.99; 4.33; 2.66; 119.84
26678; 0.41; -0.45; -10.92; 4.17; 2.53; 119.95
26704; 0.45; -0.48; -10.92; 4.36; 2.38; 119.97
26731; 0.5; -0.41; -10.93; 4.29; 2.53; 119.38
26758; 0.41; -0.45; -10.92; 4.26; 2.67; 120.06
26783; 0.42; -0.44; -10.91; 4.21; 2.54; 119.92
26810; 0.42; -0.47; -10.99; 4.2; 2.6; 119.52
26836; 0.43; -0.49; -10.91; 4.26; 2.69; 120.12
26863; 0.46; -0.5; -10.9; 4.23; 2.49; 119.81
26890; 0.44; -0.46; -10.91; 4.26; 2.8; 119.71
26915; 0.44; -0.51; -10.87; 4.23; 2.42; 120.27
26942; 0.49; -0.45; -10.85; 4.36; 2.75; 119.67
26969; 0.45; -0.52; -10.95; 4.31; 2.62; 119.57
27001; 0.42; -0.47; -10.9; 4.22; 2.53; 119.74
27028; 0.46; -0.47; -10.97; 4.22; 2.57; 120.18
27055; 0.42; -0.44; -10.98; 4.32; 2.62; 119.82
27081; 0.43; -0.45; -10.99; 4.53; 2.8; 119.62
27108; 0.47; -0.45; -10.95; 4.13; 2.66; 119.82
27134; 0.44; -0.51; -10.97; 4.3; 2.69; 120.11
27162; 0.43; -0.47; -10.97; 4.22; 2.43; 119.8
27189; 0.45; -0.53; -10.93; 4.36; 2.62; 119.45
27215; 0.41; -0.52; -10.94; 4.19; 2.71; 120.02
27242; 0.39; -0.46; -11.03; 4.22; 2.59; 120.02
27269; 0.46; -0.44; -10.89; 4.08; 2.59; 119.65
27295; 0.45; -0.49; -10.92; 4.36; 2.7; 119.75
27328; 0.39; -0.44; -10.97; 4.28; 2.47; 119.56
27355; 0.44; -0.45; -10.96; 4.27; 2.66; 120.03
27381; 0.44; -0.45; -10.97; 4.28; 2.61; 120.14
27408; 0.4; -0.42; -11.0; 4.09; 2.61; 119.6
27435; 0.43; -0.5; -10.96; 4.34; 2.72; 120.01
27461; 0.44; -0.49; -10.94; 4.2; 2.59; 119.9
27488; 0.44; -0.43; -10.98; 4.26; 2.54; 119.54
27514; 0.46; -0.47; -10.96; 4.24; 2.59; 119.87
27541; 0.42; -0.44; -10.95; 4.26; 2.41; 119.96
27568; 0.43; -0.47; -11.0; 4.25; 2.71; 119.41
27594; 0.42; -0.44; -10.96; 4.33; 2.4; 119.87
27621; 0.44; -0.45; -11.03; 4.33; 2.56; 120.2
27654; 0.4; -0.45; -10.94; 4.26; 2.63; 119.99
27680; 0.39; -0.43; -10.85; 4.35; 2.81; 119.99
27707; 0.46; -0.43; -10.87; 4.33; 2.52; 119.45
27734; 0.39; -0.49; -10.9; 4.22; 2.61; 120.0
27760; 0.46; -0.44; -10.96; 4.43; 2.79; 120.19
27787; 0.41; -0.49; -10.92; 4.28; 2.6; 119.58
27813; 0.45; -0.39; -10.93; 4.32; 2.69; 119.61
27840; 0.47; -0.4; -10.94; 4.25; 2.53; 120.22
27867; 0.51; -0.45; -10.93; 4.22; 2.66; 119.49
27893; 0.45; -0.41; -11.03; 4.45; 2.43; 119.82
27920; 0.46; -0.49; -10.95; 4.07; 2.72; 120.0
27947; 0.4; -0.46; -11.0; 4.24; 2.78; 119.56
27979; 0.46; -0.41; -11.01; 4.23; 2.42; 119.58
28006; 0.46; -0.49; -10.92; 4.14; 2.43; 119.65
28033; 0.48; -0.49; -10.88; 4.18; 2.77; 120.21
28059; 0.49; -0.46; -10.94; 4.36; 2.51; 119.84
28086; 0.44; -0.47; -10.94; 4.15; 2.49; 119.6
28112; 0.44; -0.4; -10.91; 4.1; 2.61; 120.1
28139; 0.37; -0.41; -10.95; 4.16; 2.71; 119.96
28166; 0.41; -0.48; -10.91; 4.38; 2.45; 119.48
28192; 0.44; -0.39; -10.93; 4.39; 2.61; 119.94
28219; 0.4; -0.41; -10.95; 4.28; 2.78; 120.05
28246; 0.49; -0.48; -10.91; 4.38; 2.56; 119.66
28272; 0.42; -0.47; -10.96; 4.14; 2.85; 119.78
28304; 0.47; -0.42; -10.96; 4.18; 2.49; 119.64
28332; 0.46; -0.44; -10.92; 4.3; 2.69; 120.06
28358; 0.41; -0.45; -10.97; 4.23; 2.66; 120.1
28385; 0.47; -0.48; -11.0; 4.02; 2.66; 119.48
28411; 0.44; -0.46; -10.95; 4.3; 2.4; 119.86
28438; 0.46; -0.5; -10.9; 4.33; 2.46; 120.32
28465; 0.46; -0.37; -10.93; 4.04; 2.4; 119.39
28491; 0.45; -0.52; -10.9; 4.29; 2.58; 119.64
28519; 0.5; -0.42; -10.88; 4.17; 2.49; 120.25
28546; 0.44; -0.44; -10.9; 4.29; 2.42; 119.95
28572; 0.44; -0.43; -10.96; 4.24; 2.43; 119.51
28599; 0.45; -0.45; -10.96; 4.1; 2.55; 119.85
28632; 0.47; -0.47; -10.91; 4.26; 2.56; 119.55
28658; 0.43; -0.47; -10.97; 4.18; 2.57; 120.15
28685; 0.42; -0.45; -10.95; 4.18; 2.63; 119.96
28711; 0.43; -0.51; -10.99; 4.3; 2.53; 119.41
28748; 0.42; -0.44; -10.96; 4.2; 2.49; 119.85
28775; 0.46; -0.49; -10.95; 4.26; 2.81; 119.83
28802; 0.38; -0.45; -10.97; 4.39; 2.55; 120.14
28828; 0.45; -0.5; -10.95; 4.05; 2.53; 119.84
28855; 0.38; -0.49; -10.89; 4.32; 2.57; 119.67
28881; 0.4; -0.49; -10.79; 4.24; 2.43; 120.1
28908; 0.46; -0.43; -10.91; 4.28; 2.67; 119.83
28934; 0.44; -0.54; -10.89; 4.04; 2.56; 119.58
28966; 0.48; -0.48; -10.86; 4.3; 2.62; 119.41
28993; 0.42; -0.45; -10.96; 4.3; 2.69; 119.8
29020; 0.42; -0.5; -10.99; 4.32; 2.69; 120.23
29046; 0.43; -0.46; -10.92; 4.26; 2.6; 119.59
29073; 0.41; -0.52; -10.9; 4.29; 2.64; 119.79
29115; 0.4; -0.44; -10.99; 4.22; 2.6; 120.07
29142; 0.42; -0.42; -10.94; 4.12; 2.61; 119.32
29169; 0.46; -0.48; -10.95; 4.43; 2.71; 119.89
29196; 0.51; -0.42; -11.0; 4.3; 2.72; 120.22
29222; 0.42; -0.5; -10.89; 4.15; 2.39; 119.61
29249; 0.45; -0.43; -10.88; 4.36; 2.58; 119.92
29276; 0.38; -0.47; -10.94; 4.24; 2.56; 120.37
29307; 0.41; -0.51; -10.98; 4.17; 2.33; 119.75
29334; 0.45; -0.47; -10.98; 4.28; 2.72; 119.94
29361; 0.4; -0.45; -10.98; 4.34; 2.73; 119.59
29387; 0.41; -0.44; -11.01; 4.18; 2.67; 119.8
29414; 0.38; -0.48; -10.87; 4.33; 2.65; 120.16
29441; 0.45; -0.53; -10.93; 4.28; 2.59; 119.55
29467; 0.46; -0.44; -10.97; 4.17; 2.53; 119.93
29494; 0.42; -0.45; -10.97; 4.33; 2.77; 119.95
29520; 0.39; -0.47; -10.99; 4.14; 2.79; 119.54
29547; 0.44; -0.5; -10.9; 4.16; 2.69; 119.8
29574; 0.44; -0.46; -10.98; 4.17; 2.73; 120.13
29600; 0.46; -0.45; -10.88; 4.23; 2.44; 119.61
29633; 0.44; -0.46; -10.91; 4.12; 2.72; 119.63
29660; 0.46; -0.47; -10.95; 4.3; 2.66; 119.61
29686; 0.34; -0.5; -10.96; 4.18; 2.53; 120.25
29713; 0.41; -0.47; -11.0; 4.46; 2.64; 119.9
29740; 0.44; -0.5; -10.93; 4.02; 2.82; 119.42
29766; 0.4; -0.44; -10.9; 4.23; 2.66; 120.01
29793; 0.41; -0.45; -10.93; 4.23; 2.63; 120.12
29819; 0.44; -0.54; -10.95; 4.01; 2.65; 119.6
29847; 0.49; -0.46; -10.91; 4.29; 2.64; 119.6
29874; 0.45; -0.42; -10.9; 4.18; 2.6; 120.06
29900; 0.39; -0.48; -11.02; 4.27; 2.63; 119.8
29933; 0.51; -0.48; -10.96; 4.31; 2.67; 120.17
29960; 0.47; -0.45; -10.85; 4.26; 2.39; 119.47
29986; 0.52; -0.45; -10.89; 4.32; 2.67; 119.82
30013; 0.44; -0.45; -10.91; 4.19; 2.4; 120.25
30040; 0.44; -0.48; -11.02; 4.21; 2.78; 119.61
30065; 0.43; -0.47; -10.9; 4.19; 2.85; 119.66
30092; 0.44; -0.49; -10.9; 4.39; 2.6; 120.24
30118; 0.42; -0.46; -10.99; 4.19; 2.57; 119.64
30145; 0.49; -0.46; -11.0; 4.29; 2.35; 119.72
30172; 0.47; -0.45; -10.91; 4.08; 2.62; 120.32
30198; 0.43; -0.46; -10.94; 4.36; 2.57; 119.6
30225; 0.4; -0.45; -10.87; 4.12; 2.75; 119.67
30258; 0.46; -0.5; -10.94; 4.33; 2.71; 119.64
30284; 0.45; -0.47; -10.86; 4.31; 2.43; 120.25
30311; 0.38; -0.48; -10.94; 4.28; 2.8; 119.76
30338; 0.44; -0.48; -10.92; 4.23; 2.78; 119.67
30364; 0.48; -0.45; -10.98; 4.28; 2.47; 120.08
30391; 0.36; -0.47; -10.94; 4.36; 2.57; 119.79
30417; 0.45; -0.48; -10.99; 4.14; 2.63; 119.7
30444; 0.42; -0.46; -10.92; 4.49; 2.89; 120.05
30471; 0.46; -0.46; -10.92; 4.05; 2.58; 119.88
30497; 0.4; -0.43; -10.89; 4.18; 2.71; 119.72
30523; 0.4; -0.46; -10.93; 4.22; 2.62; 120.25
30550; 0.49; -0.46; -10.89; 4.33; 2.46; 119.8
30582; 0.49; -0.44; -10.93; 4.3; 2.74; 120.13
30609; 0.37; -0.43; -10.88; 4.04; 2.49; 119.69
30636; 0.51; -0.48; -11.02; 4.33; 2.7; 119.55
30662; 0.38; -0.49; -10.9; 4.15; 2.77; 120.16
30689; 0.46; -0.47; -10.96; 4.2; 2.46; 119.67
30715; 0.43; -0.46; -10.99; 4.28; 2.62; 119.95
30742; 0.48; -0.45; -10.9; 4.06; 2.49; 120.11
30769; 0.39; -0.39; -10.93; 4.24; 2.61; 119.53
30795; 0.43; -0.46; -10.88; 4.3; 2.47; 119.42
30822; 0.45; -0.45; -10.93; 4.28; 2.66; 119.98
30849; 0.48; -0.49; -10.92; 4.15; 2.34; 119.67
30874; 0.45; -0.51; -10.96; 4.17; 2.44; 119.81
30907; 0.39; -0.46; -10.86; 4.26; 2.67; 119.54
30934; 0.44; -0.48; -10.98; 4.13; 2.56; 120.49
30960; 0.44; -0.45; -10.89; 4.34; 2.56; 120.02
30987; 0.47; -0.44; -10.88; 4.23; 2.63; 119.54
31013; 0.44; -0.45; -10.97; 4.36; 2.66; 119.89
31041; 0.41; -0.5; -10.92; 4.14; 2.59; 120.17
31068; 0.4; -0.43; -10.93; 4.31; 2.52; 119.63
31094; 0.38; -0.46; -10.98; 4.22; 2.59; 119.51
31121; 0.42; -0.47; -10.92; 4.29; 2.5; 120.12
31148; 0.47; -0.48; -10.89; 4.3; 2.65; 119.87
31174; 0.42; -0.4; -10.96; 4.41; 2.43; 119.61
31201; 0.52; -0.45; -11.01; 4.42; 2.66; 120.02
31234; 0.41; -0.44; -10.91; 4.1; 2.49; 119.52
31260; 0.49; -0.47; -10.92; 4.45; 2.71; 120.25
31287; 0.46; -0.43; -10.91; 4.26; 2.76; 119.62
31313; 0.52; -0.49; -10.91; 4.18; 2.59; 119.42
31340; 0.41; -0.49; -10.87; 4.39; 2.47; 120.24
31367; 0.43; -0.46; -10.93; 4.3; 2.46; 119.67
31393; 0.42; -0.46; -11.03; 4.33; 2.72; 119.6
31420; 0.49; -0.42; -10.91; 4.36; 2.6; 120.19
31446; 0.47; -0.44; -10.99; 4.13; 2.63; 119.64
31472; 0.46; -0.48; -10.95; 4.39; 2.52; 119.58
31499; 0.4; -0.45; -10.93; 4.32; 2.58; 120.32
31525; 0.49; -0.43; -10.95; 4.2; 2.78; 119.64
31558; 0.39; -0.47; -11.05; 4.24; 2.78; 120.07
31585; 0.44; -0.49; -10.88; 4.2; 2.64; 119.6
31611; 0.41; -0.52; -11.03; 4.17; 2.61; 120.01
31638; 0.46; -0.48; -10.96; 4.26; 2.75; 119.76
31665; 0.52; -0.43; -10.91; 4.21; 2.47; 119.56
31691; 0.51; -0.46; -10.98; 4.3; 2.76; 120.17
31718; 0.42; -0.45; -10.91; 4.47; 2.69; 119.83
31744; 0.44; -0.47; -10.93; 4.37; 2.66; 119.66
31770; 0.5; -0.48; -10.94; 4.2; 2.53; 120.16
31797; 0.45; -0.43; -10.92; 4.24; 2.41; 119.82
31823; 0.41; -0.44; -10.83; 4.21; 2.69; 119.6
31850; 0.47; -0.4; -10.99; 4.2; 2.66; 120.12
31883; 0.47; -0.43; -10.96; 4.36; 2.64; 119.77
31909; 0.38; -0.4; -10.93; 4.17; 2.59; 120.2
31936; 0.42; -0.43; -10.96; 4.14; 2.41; 119.71
31963; 0.46; -0.5; -10.96; 4.28; 2.74; 119.96
31989; 0.52; -0.42; -10.93; 4.26; 2.5; 120.1
32025; 0.48; -0.51; -10.83; 4.39; 2.56; 120.25
32052; 0.46; -0.45; -10.9; 4.36; 2.58; 119.73
32078; 0.45; -0.5; -10.98; 4.33; 2.69; 119.53
32105; 0.4; -0.48; -10.98; 4.13; 2.52; 120.16
32132; 0.45; -0.5; -10.86; 4.2; 2.64; 119.54
32158; 0.43; -0.47; -10.92; 4.41; 2.68; 119.67
32200; 0.46; -0.47; -10.97; 4.19; 2.51; 119.91
32233; 0.35; -0.49; -10.93; 4.2; 2.62; 119.96
32260; 0.46; -0.46; -10.99; 4.23; 2.52; 120.0
32286; 0.42; -0.48; -10.88; 4.3; 2.44; 119.38
32313; 0.43; -0.44; -10.98; 4.17; 2.64; 119.85
32339; 0.51; -0.47; -10.87; 4.34; 2.46; 120.19
32366; 0.4; -0.48; -10.9; 4.19; 2.82; 119.62
32393; 0.46; -0.43; -10.92; 4.23; 2.46; 119.69
32419; 0.5; -0.52; -10.95; 4.27; 2.66; 120.09
32446; 0.44; -0.45; -10.91; 4.33; 2.68; 119.65
32473; 0.46; -0.55; -10.92; 4.28; 2.5; 119.6
32499; 0.51; -0.48; -10.88; 4.26; 2.43; 120.12
32527; 0.45; -0.47; -10.91; 4.37; 2.72; 119.84
32559; 0.41; -0.47; -10.93; 4.13; 2.62; 119.84
32585; 0.43; -0.46; -10.93; 4.27; 2.74; 119.58
32612; 0.44; -0.46; -10.94; 4.4; 2.56; 119.77
32638; 0.5; -0.48; -10.84; 4.24; 2.44; 120.17
32665; 0.41; -0.49; -10.91; 4.21; 2.69; 119.53
32692; 0.5; -0.53; -11.0; 4.28; 2.94; 120.09
32718; 0.43; -0.39; -11.03; 4.25; 2.64; 120.05
32745; 0.42; -0.5; -10.89; 4.27; 2.43; 119.73
32772; 0.41; -0.46; -11.0; 4.2; 2.52; 120.0
32797; 0.5; -0.51; -10.99; 4.35; 2.61; 119.93
32824; 0.41; -0.45; -10.96; 4.18; 2.51; 119.72
32850; 0.39; -0.48; -10.99; 4.18; 2.73; 120.16
32883; 0.38; -0.45; -10.95; 4.07; 2.71; 119.64
32910; 0.44; -0.48; -10.88; 4.17; 2.71; 120.22
32936; 0.39; -0.52; -10.96; 4.17; 2.62; 119.69
32963; 0.41; -0.5; -10.97; 4.32; 2.56; 119.83
32990; 0.43; -0.49; -10.92; 4.3; 2.62; 120.03
33015; 0.38; -0.39; -11.06; 4.31; 2.55; 119.44
33042; 0.44; -0.42; -10.91; 4.2; 2.49; 119.8
33069; 0.45; -0.42; -10.98; 4.25; 2.49; 120.07
33095; 0.38; -0.45; -10.99; 4.36; 2.84; 119.74
33122; 0.45; -0.46; -10.95; 4.15; 2.56; 119.88
33148; 0.41; -0.39; -10.93; 4.19; 2.63; 119.91
33175; 0.46; -0.49; -10.92; 4.26; 2.65; 119.77
33200; 0.45; -0.49; -10.89; 4.26; 2.49; 119.64
33226; 0.43; -0.45; -10.96; 4.18; 2.72; 119.62
33253; 0.43; -0.46; -10.97; 4.36; 2.46; 120.45
33280; 0.47; -0.44; -11.04; 4.3; 2.59; 119.81
33306; 0.45; -0.41; -10.97; 4.33; 2.56; 119.62
33333; 2.65; -10.26; -14.5; 19.92; -0.58; 71.01
33358; -1.13; 0.41; -7.1; -12.46; -6.97; 0.95
33385; 2.29; -0.82; -10.91; -0.96; -4.94; -42.79
33412; -0.7; 1.44; -9.11; 5.28; 1.45; -15.64
33438; 0.65; -2.07; -11.22; 1.47; -0.18; 18.59
33465; -0.16; 0.91; -12.47; 4.39; 0.29; 19.9
33497; 0.2; -0.28; -13.12; -3.32; -1.58; 18.3
33523; 0.45; -0.78; -11.13; 1.77; -0.34; 9.28
33550; 0.61; -0.56; -10.62; -1.09; -2.1; 8.24
33576; 0.34; -0.5; -11.68; 1.9; 0.03; 4.94
33603; 0.38; -0.39; -10.75; -1.0; -1.98; 1.63
33630; 0.57; -0.3; -11.15; 0.14; -0.62; -1.24
33656; 0.5; -0.25; -10.8; 0.06; -1.75; -1.75
33683; 0.71; -0.08; -10.95; 0.1; -1.14; -1.14
33710; 0.69; -0.17; -10.95; -0.34; -1.27; -0.85
33736; 0.62; -0.0; -10.89; 0.02; -1.42; 0.24
33763; 0.64; -0.2; -10.93; -0.06; -1.11; 1.01
33788; 0.48; -0.31; -10.96; -0.12; -1.4; 0.0
33821; 0.58; -0.18; -10.82; 0.11; -1.37; -0.51
33848; 0.55; -0.21; -11.0; -0.09; -1.27; -0.06
33874; 0.55; -0.16; -11.07; 0.11; -1.25; 0.75
33901; 0.58; -0.21; -10.96; -0.25; -1.31; -0.05
33927; 0.52; -0.3; -10.87; -0.48; -1.14; 0.27
33953; 0.62; -0.34; -10.95; -0.02; -0.95; 0.5
33980; 0.42; -0.46; -10.94; -0.13; -1.05; 0.03
34007; 0.37; -0.52; -11.03; -0.18; -1.23; 0.62
34032; 0.35; -0.65; -10.94; -0.28; -1.33; 0.11
34059; 0.27; -0.71; -10.97; -0.03; -0.99; -0.04
34085; 0.33; -0.69; -10.92; -0.16; -1.01; 0.47
34112; 0.32; -0.66; -10.95; -0.21; -1.05; -0.11
34144; 0.38; -0.61; -11.02; 0.02; -1.12; -0.03
34170; 0.37; -0.58; -10.97; -0.16; -1.14; 0.18
34197; 0.4; -0.66; -10.88; -0.25; -1.03; 0.44
34224; 0.35; -0.69; -10.93; -0.09; -1.25; -0.42
34249; 0.29; -0.66; -10.92; -0.16; -0.98; 0.08
34276; 0.36; -0.72; -10.96; -0.3; -1.22; 0.37
34302; 0.34; -0.59; -11.02; -0.24; -1.21; -0.39
34329; 0.41; -0.62; -10.88; -0.23; -1.21; 0.27
34355; 0.4; -0.54; -10.99; -0.11; -1.29; -0.09
34381; 0.35; -0.44; -10.94; 0.26; -1.33; 0.05
34408; 0.49; -0.47; -10.94; -0.34; -1.34; 0.24
34435; 0.47; -0.35; -10.78; -0.12; -1.27; -0.4
34466; 0.46; -0.59; -10.92; 0.03; -1.24; -0.41
34493; 0.4; -0.5; -10.88; -0.22; -1.19; 0.11
34520; 0.49; -0.51; -10.89; -0.14; -1.11; 0.02
34545; 0.51; -0.44; -11.01; 0.26; -1.24; -0.41
34572; 0.46; -0.36; -10.96; -0.02; -1.2; 0.14
34598; 0.52; -0.46; -10.93; -0.14; -1.28; -0.15
34625; 0.49; -0.37; -10.94; -0.16; -1.29; -0.08
34652; 0.56; -0.36; -10.98; -0.2; -1.27; 0.3
34677; 0.45; -0.37; -10.91; 0.02; -1.26; -0.02
34704; 0.46; -0.34; -10.98; -0.18; -0.99; 0.09
34731; 0.56; -0.37; -10.95; -0.17; -1.4; 0.05
34757; 0.45; -0.36; -10.89; -0.23; -1.08; -0.23
34789; 0.52; -0.38; -10.91; -0.22; -1.04; -0.18
34816; 0.5; -0.35; -10.96; -0.12; -1.08; 0.24
34842; 0.48; -0.37; -10.89; -0.21; -1.08; 0.18
34869; 0.52; -0.38; -10.97; -0.09; -1.17; -0.27
34895; 0.5; -0.38; -10.91; -0.21; -1.12; 0.19
34922; 0.43; -0.42; -10.97; -0.19; -1.15; 0.42
34949; 0.49; -0.41; -10.88; -0.31; -1.14; -0.21
34975; 0.47; -0.47; -10.92; -0.25; -1.09; 0.31
35002; 0.38; -0.48; -10.99; -0.35; -1.05; 0.38
35027; 0.46; -0.5; -10.87; -0.02; -0.98; -0.22
35054; 0.47; -0.5; -10.96; -0.09; -1.45; 0.3
35081; 0.4; -0.51; -10.92; 0.03; -0.92; 0.27
35113; 0.43; -0.46; -10.87; -0.18; -1.33; 0.47
35140; 0.43; -0.43; -10.93; -0.18; -1.13; -0.29
35166; 0.42; -0.52; -10.95; 0.03; -1.24; 0.01
35192; 0.39; -0.53; -11.02; -0.14; -1.25; 0.27
35219; 0.46; -0.51; -10.95; -0.11; -1.09; -0.27
35271; 0.42; -0.58; -10.86; -0.18; -0.89; -0.29
35297; 0.46; -0.53; -10.89; -0.05; -1.2; 0.34
35323; 0.4; -0.51; -10.92; 0.02; -1.24; -0.11
35350; 0.46; -0.58; -10.95; -0.13; -0.95; -0.24
35377; 0.41; -0.51; -10.92; -0.05; -1.39; 0.34
35403; 0.45; -0.48; -10.94; -0.04; -1.09; -0.45
35435; 0.4; -0.6; -10.93; 0.01; -1.16; -0.05
35462; 0.4; -0.5; -10.96; -0.11; -1.12; -0.09
35488; 0.45; -0.51; -10.93; -0.1; -1.24; 0.43
35514; 0.42; -0.51; -10.9; -0.27; -1.25; -0.31
35540; 0.44; -0.47; -10.97; -0.24; -1.09; 0.14
35567; 0.48; -0.38; -10.86; -0.09; -1.09; 0.05
35594; 0.48; -0.51; -10.96; -0.34; -1.09; -0.23
35619; 0.44; -0.45; -11.0; 0.04; -0.98; 0.33
35646; 0.39; -0.41; -10.94; -0.11; -1.05; -0.14
35673; 0.47; -0.47; -10.91; 0.05; -1.25; 0.05
35699; 0.47; -0.35; -10.97; -0.13; -1.14; 0.16
35725; 0.47; -0.44; -10.91; -0.06; -0.94; -0.07
35758; 0.4; -0.43; -10.94; -0.05; -1.14; -0.37
35784; 0.43; -0.46; -10.92; -0.05; -0.99; 0.38
35810; 0.46; -0.44; -11.03; -0.19; -1.32; -0.04
35836; 0.44; -0.42; -10.96; -0.07; -0.95; -0.29
35863; 0.46; -0.43; -11.04; -0.07; -1.29; 0.36
35890; 0.42; -0.42; -10.88; -0.17; -1.21; -0.27
35915; 0.49; -0.48; -11.03; -0.14; -1.17; -0.15
35942; 0.36; -0.46; -11.01; -0.21; -1.5; 0.24
35969; 0.43; -0.46; -10.98; -0.27; -1.21; -0.34
35995; 0.46; -0.45; -10.98; -0.03; -1.05; 0.3
36021; 0.39; -0.43; -10.95; -0.24; -0.97; 0.05
36047; 0.47; -0.41; -10.96; -0.05; -1.1; -0.02
36080; 0.43; -0.43; -10.93; -0.18; -1.05; -0.11
36107; 0.48; -0.44; -10.97; -0.19; -1.11; 0.27
36132; 0.45; -0.49; -10.85; -0.14; -1.14; -0.02
36159; 0.44; -0.52; -10.94; 0.07; -1.29; -0.23
36186; 0.46; -0.46; -10.95; -0.14; -1.35; 0.37
36212; 0.42; -0.52; -10.96; -0.24; -1.25; -0.15
36239; 0.49; -0.51; -10.93; -0.15; -1.02; -0.16
36265; 0.46; -0.44; -10.94; -0.16; -1.14; 0.34
36292; 0.46; -0.57; -10.88; -0.21; -1.11; -0.18
36319; 0.47; -0.43; -10.99; -0.05; -1.27; -0.01
36345; 0.45; -0.47; -10.9; -0.2; -1.27; 0.34
36372; 0.4; -0.5; -10.86; -0.14; -1.24; -0.29
36404; 0.5; -0.46; -10.91; -0.24; -1.17; 0.17
36430; 0.43; -0.47; -11.07; -0.31; -1.22; -0.19
36457; 0.46; -0.49; -10.9; -0.08; -1.29; 0.2
36484; 0.45; -0.47; -10.95; -0.02; -1.14; -0.4
36509; 0.39; -0.48; -10.91; -0.14; -1.05; 0.18
36536; 0.48; -0.46; -10.92; -0.2; -1.31; 0.27
36562; 0.41; -0.48; -10.9; -0.06; -1.32; -0.3
36588; 0.46; -0.46; -10.95; -0.08; -1.25; 0.43
36615; 0.51; -0.5; -10.96; -0.11; -1.19; -0.12
36641; 0.35; -0.48; -10.88; -0.17; -1.08; 0.05
36668; 0.41; -0.43; -10.93; -0.21; -1.1; 0.29
36694; 0.46; -0.47; -10.89; -0.08; -1.24; -0.24
36726; 0.46; -0.49; -10.98; -0.12; -1.11; -0.32
36752; 0.4; -0.49; -10.99; 0.02; -1.21; 0.32
36779; 0.46; -0.45; -11.0; 0.03; -1.08; 0.07
36805; 0.44; -0.5; -10.93; -0.15; -1.23; -0.14
36831; 0.46; -0.49; -10.97; -0.08; -1.21; 0.34
36857; 0.43; -0.47; -10.92; -0.18; -1.37; -0.42
36884; 0.42; -0.43; -10.91; -0.18; -1.15; 0.22
36911; 0.4; -0.51; -11.28; -7.74; -5.49; -4.17
36936; -3.06; -5.97; -12.54; -7.49; 0.23; 7.74
36963; 0.43; -0.24; -11.23; 2.02; -0.77; 1.35
36989; 0.52; -0.55; -11.02; 1.7; -2.19; 0.48
37015; 0.43; -0.38; -11.01; -0.24; -2.01; 0.8
37039; 0.47; -0.55; -10.99; 0.43; -1.3; 0.27
37065; 0.45; -0.47; -10.91; -0.09; -1.11; -0.25
37092; 0.44; -0.46; -10.91; -0.77; -1.05; -0.29
37117; 0.47; -0.47; -10.96; 0.02; -1.25; 0.55
37144; 0.37; -0.31; -11.57; -0.66; -0.14; 0.56
37171; 0.49; -0.64; -10.6; -2.51; -3.22; 1.02
37196; 0.39; -0.54; -11.09; -1.02; -1.03; -1.05
37223; 0.52; -0.5; -10.98; -0.43; -0.68; -0.24
37250; 0.38; -0.46; -10.92; -0.56; -0.24; -0.84
37276; 0.45; -0.45; -10.95; 0.54; -1.87; -0.11
37302; 0.42; -0.49; -10.88; 1.17; -2.4; 1.84
37335; 0.37; -0.85; -10.7; -2.31; -1.79; 0.58
37361; 0.42; -0.52; -10.92; -1.1; -0.3; -0.56
