79; 0.47; -0.44; -10.95; 0.02; -1.2; 0.07
106; 0.54; -0.47; -10.97; -0.02; -1.23; -0.1
132; 0.47; -0.44; -10.93; -0.11; -1.16; 0.13
158; 0.46; -0.43; -10.92; -0.12; -1.11; 0.31
184; 0.43; -0.43; -10.88; -0.09; -1.1; -0.11
210; 0.46; -0.48; -11.0; -0.05; -1.45; 0.39
242; 0.42; -0.48; -10.85; -0.08; -1.3; 0.37
269; 0.49; -0.43; -10.93; -0.07; -1.16; -0.08
294; 0.43; -0.45; -10.94; -0.18; -1.27; 0.34
321; 0.46; -0.52; -10.9; 0.08; -1.18; -0.11
347; 0.45; -0.49; -10.92; 0.01; -1.13; 0.09
373; 0.5; -0.45; -10.91; -0.07; -1.05; 0.12
399; 0.47; -0.49; -10.95; -0.2; -1.17; -0.04
425; 0.46; -0.43; -10.89; 0.06; -1.14; 0.24
451; 0.51; -0.45; -10.94; -0.11; -1.17; -0.1
478; 0.41; -0.42; -10.92; -0.2; -1.3; 0.5
504; 0.5; -0.48; -10.96; -0.18; -1.22; -0.17
530; 0.45; -0.55; -10.94; -0.1; -1.26; 0.22
562; 0.42; -0.48; -11.1; -0.22; -1.33; 0.29
588; 0.41; -0.45; -10.96; -0.08; -1.17; 0.18
615; 0.48; -0.49; -10.87; -0.29; -1.05; -0.21
642; 0.49; -0.48; -10.88; -0.14; -1.04; 0.42
667; 0.47; -0.5; -10.8; -0.08; -1.15; -0.28
694; 0.44; -0.47; -10.99; -0.19; -1.15; 0.07
720; 0.43; -0.46; -10.98; -0.21; -1.11; 0.14
746; 0.45; -0.42; -10.89; -0.12; -1.08; -0.02
773; 0.44; -0.52; -10.92; 0.01; -1.43; 0.32
799; 0.5; -0.4; -11.05; -0.03; -1.31; -0.17
825; 0.41; -0.44; -10.96; -0.04; -1.26; 0.05
851; 0.37; -0.44; -11.0; 0.13; -1.01; 0.15
878; 0.48; -0.48; -10.96; -0.05; -1.13; -0.36
910; 0.48; -0.53; -10.97; -0.13; -1.24; -0.29
947; 0.45; -0.45; -11.0; 0.07; -1.43; -0.27
972; 0.46; -0.48; -10.98; -0.04; -1.21; 0.07
999; 0.44; -0.46; -11.0; -0.24; -1.16; 0.08
1025; 0.49; -0.46; -10.88; -0.1; -1.18; 0.05
1051; 0.37; -0.44; -10.91; -0.11; -1.09; 0.24
1077; 0.45; -0.44; -11.01; -0.37; -1.11; -0.11
1103; 0.44; -0.47; -10.97; -0.05; -1.17; 0.36
1130; 0.42; -0.4; -10.91; -0.2; -1.14; -0.21
1156; 0.43; -0.43; -10.98; -0.21; -1.18; 0.02
1182; 0.45; -0.45; -10.87; -0.22; -1.15; -0.05
1209; 0.47; -0.46; -10.89; -0.04; -1.19; -0.25
1241; 0.5; -0.48; -10.91; -0.21; -1.11; -0.43
1267; 0.48; -0.47; -10.94; 0.05; -1.04; 0.39
1293; 0.48; -0.49; -10.88; -0.06; -1.01; -0.1
1319; 0.49; -0.48; -10.94; -0.07; -1.35; 0.18
1346; 0.51; -0.45; -10.87; -0.08; -1.21; -0.01
1372; 0.53; -0.44; -10.96; -0.11; -1.15; -0.18
1398; 0.46; -0.45; -10.95; -0.24; -1.14; 0.19
1424; 0.43; -0.48; -10.98; -0.09; -0.99; -0.3
1451; 0.48; -0.46; -11.02; -0.23; -1.12; 0.12
1477; 0.42; -0.47; -10.93; -0.15; -1.3; 0.08
1503; 0.47; -0.43; -10.91; -0.33; -1.16; -0.08
1529; 0.45; -0.46; -10.9; -0.02; -1.22; 0.34
1561; 0.47; -0.42; -10.95; -0.11; -1.3; 0.4
1588; 0.45; -0.43; -10.91; -0.17; -1.01; -0.45
1614; 0.45; -0.49; -11.0; -0.08; -1.17; 0.34
1640; 0.48; -0.47; -10.92; -0.08; -0.97; -0.02
1667; 0.48; -0.49; -10.93; -0.07; -1.21; 0.08
1692; 0.43; -0.44; -10.96; -0.23; -1.09; 0.27
1719; 0.47; -0.48; -10.89; -0.17; -1.08; -0.13
1745; 0.44; -0.47; -10.96; -0.13; -1.1; 0.27
1771; 0.48; -0.44; -10.89; -0.14; -1.17; -0.27
1798; 0.41; -0.44; -10.91; -0.15; -1.2; 0.22
1824; 0.45; -0.49; -10.91; -0.11; -1.31; 0.05
1850; 0.5; -0.47; -10.85; -0.08; -1.46; 0.02
1883; 0.44; -0.44; -10.97; -0.18; -1.23; -0.24
1908; 0.45; -0.45; -10.97; -0.08; -1.22; 0.37
1935; 0.44; -0.47; -11.0; -0.05; -1.07; -0.27
1961; 0.46; -0.45; -10.92; -0.14; -1.29; -0.06
1988; 0.48; -0.44; -10.9; -0.01; -1.24; 0.47
2014; 0.42; -0.47; -10.94; -0.16; -1.24; -0.24
2040; 0.45; -0.5; -11.0; -0.15; -1.17; 0.44
2067; 0.5; -0.41; -10.96; -0.18; -1.13; -0.05
2094; 0.4; -0.49; -10.93; 0.02; -1.32; -0.11
2119; 0.52; -0.45; -10.93; -0.25; -1.21; 0.33
2146; 0.44; -0.51; -10.94; -0.23; -1.2; -0.27
2172; 0.43; -0.48; -10.95; -0.27; -1.17; -0.04
2205; 0.5; -0.43; -10.92; -0.02; -1.16; -0.16
2231; 0.47; -0.45; -10.94; -0.2; -1.24; 0.34
2257; 0.44; -0.47; -10.97; -0.19; -1.13; -0.24
2283; 0.49; -0.51; -10.88; -0.35; -1.11; 0.32
2310; 0.42; -0.43; -10.86; 0.04; -1.17; 0.14
2336; 0.41; -0.44; -10.97; -0.21; -1.14; 0.07
2362; 0.47; -0.48; -10.94; -0.11; -1.06; 0.31
2388; 0.48; -0.43; -11.03; -0.24; -1.29; -0.17
2414; 0.44; -0.45; -10.95; -0.24; -1.18; 0.43
2441; 0.46; -0.49; -10.89; -0.12; -1.05; -0.31
2467; 0.51; -0.45; -10.87; -0.04; -1.05; 0.3
2493; 0.47; -0.46; -10.9; -0.12; -1.09; 0.02
2541; 0.47; -0.41; -10.98; -0.09; -1.14; -0.37
2567; 0.45; -0.46; -10.88; -0.26; -1.19; -0.02
2593; 0.46; -0.55; -10.96; -0.02; -1.19; 0.24
2620; 0.44; -0.48; -10.95; -0.21; -1.02; -0.24
2646; 0.43; -0.44; -10.99; -0.06; -1.34; 0.5
2672; 0.42; -0.44; -10.97; -0.08; -1.16; -0.16
2698; 0.44; -0.48; -10.9; -0.21; -1.3; 0.15
2724; 0.46; -0.46; -10.92; -0.22; -1.05; 0.02
2751; 0.46; -0.5; -10.97; -0.21; -1.21; -0.01
2777; 0.38; -0.52; -10.92; -0.27; -1.17; 0.26
2803; 0.41; -0.52; -10.91; 0.0; -1.13; -0.15
2829; 0.47; -0.41; -10.91; -0.16; -1.19; 0.5
2862; 0.4; -0.48; -10.95; -0.18; -1.23; 0.37
2887; 0.43; -0.39; -10.94; -0.21; -1.43; -0.14
2914; 0.43; -0.42; -10.9; -0.06; -1.39; 0.07
2939; 0.48; -0.5; -10.99; -0.24; -1.27; 0.12
2966; 0.4; -0.45; -10.96; -0.16; -1.25; -0.34
2993; 0.45; -0.41; -10.88; 0.12; -1.08; 0.42
3018; 0.42; -0.45; -11.01; -0.05; -1.36; -0.4
3045; 0.44; -0.44; -10.93; -0.13; -1.41; 0.32
3070; 0.48; -0.56; -10.96; -0.27; -1.08; -0.12
3097; 0.43; -0.5; -10.99; 0.0; -1.28; -0.11
3124; 0.43; -0.48; -10.91; -0.14; -1.24; 0.26
3149; 0.45; -0.47; -10.92; -0.03; -1.19; -0.2
3182; 0.42; -0.49; -11.02; -0.14; -1.09; -0.16
3208; 0.49; -0.45; -10.87; -0.08; -1.32; 0.44
3234; 0.47; -0.52; -10.87; -0.14; -0.98; 0.05
3261; 0.48; -0.52; -10.88; 0.13; -1.11; -0.02
3287; 0.44; -0.46; -10.94; -0.22; -1.38; 0.43
3313; 0.46; -0.46; -10.91; -0.14; -1.33; -0.33
3340; 0.45; -0.46; -10.97; -0.34; -1.27; 0.27
3366; 0.45; -0.49; -10.9; -0.2; -1.04; 0.01
3392; 0.43; -0.5; -10.99; 0.08; -1.06; -0.25
3419; 0.4; -0.47; -11.0; -0.21; -1.11; 0.5
3445; 0.49; -0.42; -11.01; -0.21; -1.32; -0.23
3472; 0.48; -0.45; -11.0; -0.15; -1.02; 0.18
3504; 0.46; -0.44; -10.97; -0.1; -1.05; -0.08
3530; 0.47; -0.5; -10.91; -0.27; -1.16; 0.27
3556; 0.47; -0.49; -10.91; -0.18; -1.13; -0.23
3582; 0.48; -0.48; -10.92; -0.18; -1.29; 0.34
3608; 0.5; -0.48; -10.89; -0.2; -1.3; -0.2
3635; 0.43; -0.49; -10.92; -0.15; -1.21; 0.2
3661; 0.44; -0.47; -10.91; -0.06; -1.18; 0.05
3687; 0.55; -0.38; -10.96; -0.25; -1.2; -0.05
3714; 0.54; -0.48; -10.94; -0.07; -1.15; 0.44
3739; 0.47; -0.49; -10.98; 0.04; -1.14; -0.2
3766; 0.49; -0.46; -10.96; -0.15; -1.04; 0.26
3791; 0.46; -0.5; -10.93; -0.13; -1.18; -0.2
3818; 0.45; -0.46; -10.92; -0.15; -1.21; 0.19
3843; 0.45; -0.48; -10.97; -0.08; -0.93; -0.11
3869; 0.45; -0.45; -10.95; 0.02; -1.24; 0.24
3895; 0.43; -0.45; -10.93; -0.21; -0.99; -0.18
3921; 0.48; -0.46; -10.93; -0.21; -1.25; 0.49
3947; 0.43; -0.52; -10.95; 0.19; -1.23; -0.34
3974; 0.43; -0.43; -10.95; -0.21; -1.37; 0.11
3999; 0.43; -0.45; -10.87; -0.05; -1.05; 0.0
4026; 0.46; -0.48; -10.94; -0.19; -1.2; -0.07
4051; 0.49; -0.47; -10.99; -0.27; -1.09; 0.1
4078; 0.49; -0.5; -10.93; -0.02; -1.14; -0.18
4105; 0.44; -0.44; -10.96; -0.16; -1.38; 0.35
4130; 0.41; -0.46; -10.9; 0.0; -1.26; -0.18
4161; 0.5; -0.47; -10.87; -0.25; -1.14; 0.12
4197; 0.46; -0.4; -10.92; -0.23; -1.24; -0.18
4224; 0.44; -0.44; -10.9; -0.18; -1.21; 0.37
4250; 0.42; -0.48; -10.89; 0.12; -0.98; -0.37
4276; 0.47; -0.48; -10.93; -0.21; -1.27; 0.14
4302; 0.46; -0.49; -10.97; -0.24; -1.21; -0.02
4329; 0.41; -0.51; -10.96; -0.18; -1.04; -0.09
4355; 0.42; -0.46; -10.95; -0.04; -1.21; 0.14
4381; 0.48; -0.45; -10.97; -0.17; -1.15; -0.16
4408; 0.46; -0.45; -10.95; -0.17; -1.32; 0.29
4433; 0.51; -0.5; -10.94; -0.12; -1.28; -0.16
4460; 0.4; -0.52; -10.89; -0.04; -1.09; 0.11
4492; 0.48; -0.47; -10.91; 0.05; -1.11; 0.33
4518; 0.4; -0.47; -10.96; -0.31; -1.01; 0.24
4545; 0.46; -0.44; -10.85; -0.27; -1.29; -0.14
4572; 0.47; -0.46; -10.95; -0.27; -1.18; 0.32
4598; 0.39; -0.51; -10.94; -0.2; -1.2; 0.27
4625; 0.52; -0.47; -10.92; -0.21; -1.1; -0.15
4651; 0.5; -0.46; -10.89; 0.04; -1.13; 0.34
4677; 0.41; -0.47; -11.01; -0.07; -1.46; 0.27
4704; 0.41; -0.4; -10.99; -0.02; -0.92; -0.44
4730; 0.47; -0.49; -10.93; -0.05; -1.14; 0.19
4757; 0.44; -0.45; -10.92; -0.05; -1.21; 0.18
4784; 0.47; -0.53; -10.93; -0.21; -1.11; -0.24
4816; 0.42; -0.45; -10.99; -0.13; -1.12; -0.15
4843; 0.48; -0.36; -10.93; 0.05; -1.2; -0.11
4869; 0.45; -0.45; -10.94; -0.07; -1.14; 0.27
4895; 0.45; -0.42; -10.92; -0.11; -1.25; -0.38
4922; 0.44; -0.46; -10.87; -0.04; -1.16; 0.25
4948; 0.42; -0.47; -10.94; -0.26; -1.22; 0.05
4974; 0.46; -0.45; -10.84; -0.17; -1.12; -0.21
5001; 0.48; -0.49; -10.92; 0.02; -1.14; 0.41
5027; 0.47; -0.5; -10.97; 0.01; -1.21; -0.17
5054; 0.47; -0.39; -10.87; -0.05; -1.11; 0.1
5080; 0.48; -0.44; -10.9; 0.1; -1.21; 0.27
5106; 0.48; -0.42; -10.91; -0.19; -1.14; -0.14
5139; 0.5; -0.49; -10.88; -0.09; -1.26; -0.22
5166; 0.44; -0.48; -10.92; -0.21; -1.04; 0.2
5191; 0.38; -0.47; -10.93; -0.05; -1.21; 0.26
5218; 0.39; -0.5; -10.98; -0.16; -1.37; -0.27
5244; 0.45; -0.43; -10.89; -0.03; -1.11; 0.41
5271; 0.47; -0.45; -10.87; -0.3; -1.26; -0.4
5297; 0.49; -0.44; -10.98; -0.11; -1.34; 0.02
5323; 0.49; -0.46; -10.94; -0.21; -1.12; 0.26
5350; 0.49; -0.53; -10.91; -0.03; -1.32; -0.22
5377; 0.45; -0.46; -10.99; -0.17; -1.18; 0.14
5402; 0.47; -0.48; -10.98; -0.17; -1.2; 0.14
5429; 0.35; -0.45; -10.99; -0.33; -1.15; -0.12
5462; 0.45; -0.45; -10.94; -0.18; -1.37; -0.13
5487; 0.4; -0.41; -10.85; 0.09; -1.44; 0.15
5514; 0.44; -0.46; -10.93; -0.07; -1.24; 0.0
5540; 0.4; -0.44; -10.9; -0.11; -1.39; -0.01
5567; 0.45; -0.5; -10.94; -0.05; -1.13; 0.43
5608; 0.48; -0.45; -10.99; -0.09; -1.21; -0.38
5635; 0.48; -0.43; -10.91; -0.07; -1.05; 0.39
5661; 0.45; -0.42; -10.89; -0.05; -1.34; -0.21
5688; 0.51; -0.4; -10.93; -0.16; -1.09; -0.08
5714; 0.42; -0.47; -10.93; -0.12; -1.18; 0.3
5741; 0.44; -0.43; -10.98; -0.03; -1.06; -0.37
5767; 0.4; -0.52; -10.94; -0.09; -1.06; 0.22
5799; 0.4; -0.43; -10.95; -0.16; -1.24; -0.09
5826; 0.49; -0.43; -11.01; -0.21; -1.28; 0.4
5852; 0.43; -0.47; -10.94; -0.03; -1.17; -0.34
5878; 0.44; -0.55; -10.95; -0.2; -1.28; 0.27
5905; 0.47; -0.56; -10.89; -0.04; -1.27; 0.18
5932; 0.47; -0.45; -10.96; -0.11; -1.11; -0.15
5958; 0.45; -0.41; -10.9; -0.14; -1.08; 0.18
5985; 0.42; -0.53; -10.88; -0.24; -1.11; 0.22
6011; 0.42; -0.49; -10.93; -0.02; -1.38; -0.21
6038; 0.48; -0.48; -10.92; -0.01; -1.17; -0.14
6065; 0.45; -0.47; -10.9; -0.06; -1.3; 0.23
6091; 0.47; -0.47; -10.94; -0.04; -1.24; -0.22
6123; 0.43; -0.49; -10.87; -0.05; -1.15; -0.14
6150; 0.47; -0.5; -10.99; -0.09; -1.13; 0.16
6176; 0.47; -0.46; -10.82; 0.11; -1.05; 0.3
6203; 0.49; -0.46; -10.89; -0.12; -1.07; -0.18
6228; 0.43; -0.44; -10.9; -0.28; -1.11; 0.24
6255; 0.46; -0.42; -11.06; -0.21; -1.12; -0.15
6282; 0.47; -0.48; -10.93; -0.19; -0.92; -0.27
6308; 0.45; -0.45; -10.92; -0.32; -1.2; 0.31
6334; 0.49; -0.43; -10.92; -0.07; -1.09; -0.31
6361; 0.41; -0.45; -10.93; -0.14; -1.25; 0.08
6387; 0.44; -0.46; -10.94; -0.11; -1.37; 0.14
6414; 0.43; -0.52; -10.88; -0.08; -1.24; -0.34
6446; 0.46; -0.49; -10.94; -0.16; -1.14; -0.18
6472; 0.47; -0.46; -10.99; 0.13; -1.08; 0.06
6499; 0.46; -0.52; -10.97; -0.07; -1.16; 0.02
6524; 0.46; -0.49; -10.99; -0.02; -1.23; -0.17
6551; 0.46; -0.46; -10.97; -0.09; -1.27; 0.46
6578; 0.38; -0.44; -10.91; -0.09; -1.23; -0.27
6604; 0.45; -0.48; -10.96; -0.23; -1.39; 0.0
6630; 0.4; -0.43; -10.87; 0.0; -1.24; 0.11
6657; 0.44; -0.47; -10.95; -0.14; -1.15; -0.04
6683; 0.46; -0.47; -10.85; 0.01; -1.19; 0.29
6709; 0.46; -0.48; -10.92; 0.01; -1.3; -0.3
6735; 0.49; -0.43; -10.88; -0.25; -1.37; 0.0
6767; 0.48; -0.46; -10.91; -0.16; -1.23; 0.11
6794; 0.52; -0.44; -10.98; 0.03; -1.17; 0.33
6820; 0.44; -0.46; -10.92; -0.09; -1.3; -0.18
6846; 0.44; -0.4; -11.0; -0.18; -1.18; 0.53
6873; 0.48; -0.48; -10.99; -0.17; -1.21; -0.09
6899; 0.51; -0.46; -10.94; -0.06; -1.25; -0.04
6926; 0.45; -0.46; -10.89; -0.07; -1.2; 0.32
6951; 0.46; -0.5; -10.95; -0.15; -1.24; -0.16
6978; 0.49; -0.45; -10.99; -0.32; -1.21; 0.27
7005; 0.47; -0.48; -10.91; -0.21; -1.24; 0.01
7031; 0.46; -0.5; -11.0; -0.13; -1.22; -0.09
7057; 0.44; -0.49; -10.94; -0.03; -1.09; 0.43
7084; 0.45; -0.5; -10.91; -0.02; -1.09; -0.31
7108; 0.41; -0.5; -10.95; -0.28; -1.3; 0.09
7135; 0.47; -0.45; -10.89; -0.23; -1.01; -0.15
7161; 0.41; -0.51; -10.88; -0.08; -1.17; 0.21
7188; 0.44; -0.45; -10.92; -0.08; -1.14; -0.1
7215; 0.46; -0.45; -10.9; 0.05; -0.91; -0.18
7240; 0.45; -0.44; -10.93; -0.1; -1.02; 0.39
7267; 0.46; -0.42; -10.9; 0.07; -1.13; -0.21
7293; 0.41; -0.48; -10.96; -0.21; -1.24; -0.16
7320; 0.42; -0.5; -10.93; -0.04; -1.21; 0.18
7347; 0.46; -0.5; -10.96; -0.1; -1.18; -0.25
7373; 0.39; -0.44; -11.0; -0.14; -0.93; -0.14
7400; 0.45; -0.41; -10.99; -0.12; -1.39; 0.34
7442; 0.48; -0.48; -10.98; -0.1; -1.1; -0.29
7469; 0.43; -0.46; -10.95; -0.34; -0.97; 0.14
7495; 0.41; -0.5; -10.95; -0.05; -1.41; 0.21
7521; 0.44; -0.51; -10.83; -0.29; -1.25; -0.07
7547; 0.46; -0.46; -10.97; -0.1; -1.28; 0.36
7574; 0.44; -0.49; -10.95; -0.3; -1.03; -0.17
7601; 0.47; -0.51; -10.95; -0.32; -1.16; 0.27
7626; 0.47; -0.5; -10.91; -0.11; -1.24; 0.22
7653; 0.42; -0.45; -10.96; -0.22; -1.09; -0.39
7680; 0.44; -0.47; -10.97; -0.27; -1.05; 0.27
7706; 0.51; -0.49; -10.95; -0.16; -1.17; -0.12
7732; 0.49; -0.44; -10.93; -0.11; -1.21; -0.13
7764; 0.46; -0.46; -10.97; -0.19; -0.82; -0.19
7791; 0.47; -0.51; -10.93; 0.03; -1.01; 0.21
7817; 0.52; -0.48; -10.94; -0.16; -1.05; -0.2
7843; 0.48; -0.46; -10.85; -0.16; -1.18; 0.24
7870; 0.45; -0.5; -10.91; -0.04; -1.11; -0.02
7896; 0.43; -0.46; -10.97; -0.27; -0.76; -0.14
7922; 0.47; -0.45; -10.99; -0.21; -1.08; 0.31
7949; 0.53; -0.45; -10.93; 0.19; -1.1; -0.18
7975; 0.44; -0.43; -10.95; -0.19; -1.11; -0.09
8001; 0.5; -0.4; -10.88; 0.11; -1.3; 0.35
8028; 0.46; -0.42; -10.94; 0.07; -1.24; -0.29
8054; 0.48; -0.4; -10.86; -0.22; -1.27; 0.39
8086; 0.41; -0.49; -10.88; -0.32; -1.2; 0.44
8113; 0.45; -0.5; -10.91; -0.05; -1.21; 0.15
8138; 0.52; -0.49; -10.91; -0.02; -1.22; -0.1
8165; 0.46; -0.46; -11.0; -0.08; -1.04; 0.33
8192; 0.48; -0.45; -10.92; -0.05; -1.22; -0.24
8217; 0.46; -0.49; -10.88; 0.08; -1.07; 0.18
8244; 0.48; -0.46; -10.89; -0.37; -1.17; -0.01
8270; 0.43; -0.47; -10.91; -0.25; -1.19; -0.09
8297; 0.5; -0.41; -10.87; -0.31; -1.23; 0.54
8323; 0.47; -0.42; -10.9; -0.11; -1.3; -0.04
8349; 0.41; -0.47; -10.93; -0.02; -1.25; -0.01
8376; 0.46; -0.43; -10.95; -0.14; -1.3; 0.09
8408; 0.42; -0.51; -10.95; -0.08; -1.19; 0.15
8434; 0.44; -0.49; -10.93; -0.01; -1.34; -0.39
8461; 0.47; -0.5; -10.94; -0.23; -1.09; 0.24
8487; 0.47; -0.44; -10.99; -0.11; -1.35; -0.14
8514; 0.48; -0.47; -10.96; 0.02; -1.07; -0.07
8540; 0.45; -0.48; -11.04; -0.03; -1.24; 0.37
8566; 0.43; -0.42; -10.95; -0.08; -1.3; -0.08
8593; 0.47; -0.45; -10.99; -0.08; -1.22; -0.11
8620; 0.47; -0.48; -10.94; -0.02; -1.15; 0.27
8662; 0.47; -0.46; -10.88; 0.0; -1.17; -0.27
8688; 0.42; -0.4; -10.93; -0.23; -0.95; 0.4
8715; 0.45; -0.48; -10.9; -0.04; -1.21; 0.29
8747; 0.47; -0.46; -10.89; -0.19; -1.0; 0.48
8773; 0.49; -0.51; -10.91; -0.05; -1.15; -0.34
8800; 0.49; -0.49; -10.95; -0.31; -1.14; 0.21
8825; 0.46; -0.46; -10.81; -0.16; -1.15; -0.04
8852; 0.4; -0.46; -10.9; -0.22; -1.14; -0.18
8879; 0.38; -0.42; -10.99; 0.05; -1.31; 0.34
8904; 0.4; -0.44; -10.9; -0.18; -1.12; -0.16
8931; 0.48; -0.46; -10.98; -0.03; -1.05; 0.35
8957; 0.43; -0.45; -10.95; -0.19; -1.08; -0.05
8983; 0.37; -0.46; -10.98; -0.15; -1.17; -0.01
9010; 0.45; -0.46; -10.89; -0.1; -1.17; 0.21
9036; 0.49; -0.46; -10.9; -0.38; -1.15; -0.26
9068; 0.46; -0.49; -10.94; -0.21; -1.19; -0.22
9095; 0.47; -0.46; -10.91; -0.05; -1.27; 0.02
9121; 0.44; -0.47; -10.99; -0.14; -1.23; 0.22
9147; 0.49; -0.42; -10.88; -0.08; -1.36; -0.23
9174; 0.47; -0.43; -10.9; -0.08; -1.14; 0.5
9200; 0.5; -0.46; -10.97; -0.25; -1.18; -0.35
9226; 0.48; -0.46; -10.84; -0.23; -1.12; 0.08
9252; 0.48; -0.48; -10.97; -0.19; -1.11; -0.02
9279; 0.46; -0.48; -10.91; -0.13; -1.36; -0.22
9305; 0.47; -0.47; -10.86; -0.08; -1.05; 0.43
9331; 0.45; -0.45; -10.93; -0.2; -1.16; -0.15
9358; 0.46; -0.47; -10.88; -0.1; -1.17; 0.15
9390; 0.44; -0.45; -10.83; 0.02; -1.29; 0.02
9416; 0.52; -0.44; -10.94; -0.12; -1.27; 0.2
9442; 0.44; -0.41; -10.9; -0.16; -1.17; -0.21
9468; 0.44; -0.43; -10.88; -0.23; -1.11; 0.16
9495; 0.5; -0.44; -10.9; -0.14; -1.21; -0.14
9522; 0.48; -0.43; -10.94; -0.38; -1.24; -0.07
9547; 0.5; -0.45; -10.97; -0.2; -1.24; 0.07
9574; 0.47; -0.55; -10.89; -0.08; -1.29; -0.23
9601; 0.5; -0.44; -10.89; 0.11; -1.27; 0.39
9626; 0.46; -0.45; -10.91; -0.28; -1.02; -0.21
9653; 0.45; -0.47; -10.85; -0.1; -1.05; 0.05
9679; 0.42; -0.49; -10.93; -0.08; -1.15; 0.18
9711; 0.43; -0.45; -11.0; -0.06; -1.11; 0.26
9738; 0.49; -0.49; -10.95; -0.09; -1.14; -0.27
9764; 0.46; -0.48; -10.87; -0.17; -1.4; 0.37
9790; 0.47; -0.47; -10.95; -0.15; -1.0; 0.0
9817; 0.44; -0.48; -10.98; -0.08; -1.19; -0.32
9843; 0.47; -0.45; -10.94; -0.09; -1.16; 0.39
9870; 0.42; -0.51; -10.98; -0.05; -1.27; 0.07
9896; 0.47; -0.51; -10.87; -0.02; -1.15; -0.02
9923; 0.4; -0.45; -10.92; -0.08; -1.24; 0.29
9949; 0.42; -0.48; -10.93; -0.05; -1.23; -0.27
9975; 0.48; -0.46; -10.87; -0.18; -1.01; -0.06
10002; 0.41; -0.42; -10.9; -0.01; -1.07; 0.12
10035; 0.46; -0.52; -10.95; -0.19; -1.34; 0.25
10061; 0.46; -0.45; -10.98; -0.21; -1.17; -0.05
10087; 0.45; -0.46; -10.83; -0.16; -1.27; 0.08
10114; 0.46; -0.45; -10.86; -0.14; -1.1; 0.21
10140; 0.46; -0.45; -10.92; -0.19; -1.18; -0.18
10167; 0.42; -0.48; -11.05; -0.03; -1.13; 0.4
10192; 0.45; -0.47; -10.95; -0.11; -1.14; -0.1
10219; 0.47; -0.45; -10.95; 0.02; -1.18; -0.18
10246; 0.46; -0.47; -10.88; -0.08; -1.33; 0.25
10272; 0.45; -0.43; -11.01; -0.11; -1.42; -0.31
10298; 0.4; -0.49; -10.93; -0.3; -1.23; 0.05
10324; 0.43; -0.46; -10.92; -0.19; -1.21; 0.14
10357; 0.42; -0.41; -10.9; -0.11; -1.4; 0.4
10383; 0.42; -0.51; -10.98; -0.24; -1.43; -0.38
10409; 0.43; -0.49; -10.92; -0.11; -1.14; 0.18
10436; 0.42; -0.48; -10.9; -0.21; -1.34; 0.09
10463; 0.46; -0.47; -10.92; -0.02; -1.25; -0.17
10488; 0.44; -0.52; -10.92; -0.12; -1.26; 0.44
10515; 0.41; -0.52; -10.99; -0.13; -0.99; -0.27
10542; 0.43; -0.51; -10.99; -0.3; -1.33; 0.06
10568; 0.4; -0.51; -10.88; -0.15; -1.24; 0.27
10594; 0.42; -0.48; -10.86; -0.13; -1.1; -0.3
10620; 0.48; -0.45; -10.88; -0.24; -1.14; 0.41
10647; 0.41; -0.44; -10.96; -0.19; -1.14; -0.14
10689; 0.45; -0.53; -11.0; -0.22; -1.28; -0.08
10716; 0.45; -0.43; -10.93; -0.13; -1.24; 0.31
10742; 0.44; -0.47; -10.99; -0.05; -1.14; -0.32
10768; 0.48; -0.47; -10.96; -0.03; -1.41; 0.27
10795; 0.44; -0.44; -10.91; -0.13; -1.28; 0.0
10821; 0.44; -0.42; -10.9; -0.13; -1.47; -0.1
10848; 0.48; -0.46; -10.93; -0.29; -1.03; 0.4
10873; 0.47; -0.39; -10.88; -0.06; -1.27; -0.36
10900; 0.45; -0.46; -10.9; -0.14; -1.08; 0.71
10927; 0.47; -0.5; -10.88; 0.05; -1.05; 1.86
10952; 0.47; -0.42; -10.9; -0.05; -1.07; 3.2
10979; 0.48; -0.45; -10.87; 0.28; -1.16; 5.12
11012; 0.45; -0.42; -11.06; 0.11; -1.08; 6.68
11037; 0.46; -0.5; -10.88; 0.05; -1.05; 7.32
11064; 0.46; -0.46; -10.93; 0.25; -0.91; 8.45
11090; 0.51; -0.47; -10.93; 0.24; -1.02; 10.24
11117; 0.47; -0.44; -10.93; 0.31; -0.5; 11.09
11144; 0.46; -0.45; -11.05; 0.37; -0.79; 12.18
11170; 0.45; -0.43; -10.94; 0.41; -0.82; 13.7
11197; 0.4; -0.49; -10.91; 0.55; -0.8; 14.47
11224; 0.46; -0.49; -10.91; 0.47; -0.82; 15.64
11250; 0.43; -0.43; -10.93; 0.52; -0.42; 17.19
11277; 0.51; -0.48; -10.84; 0.4; -0.73; 18.2
11303; 0.43; -0.47; -10.97; 0.6; -0.56; 19.23
11335; 0.43; -0.46; -11.01; 0.66; -0.85; 20.51
11362; 0.43; -0.52; -11.02; 0.64; -0.5; 22.22
11388; 0.43; -0.47; -10.95; 0.76; -0.43; 22.96
11415; 0.52; -0.44; -10.96; 0.79; -0.51; 24.22
11441; 0.5; -0.43; -10.94; 0.95; -0.5; 25.94
11467; 0.44; -0.48; -10.99; 0.95; -0.33; 26.54
11494; 0.45; -0.46; -10.93; 0.95; -0.43; 28.01
11521; 0.42; -0.46; -10.93; 0.95; -0.33; 29.19
11546; 0.38; -0.49; -11.0; 1.11; -0.3; 29.93
11573; 0.43; -0.49; -10.93; 1.14; -0.27; 31.92
11599; 0.51; -0.45; -10.88; 1.21; 0.1; 32.76
11626; 0.46; -0.49; -10.94; 1.14; -0.2; 34.08
11658; 0.46; -0.47; -10.96; 1.26; -0.08; 35.1
11684; 0.5; -0.45; -10.89; 1.2; -0.21; 36.74
11726; 0.45; -0.52; -10.96; 1.4; -0.02; 38.26
11752; 0.5; -0.36; -10.98; 1.19; 0.21; 40.18
11779; 0.52; -0.46; -10.97; 1.3; 0.09; 40.71
11805; 0.44; -0.47; -10.92; 1.24; 0.43; 41.87
11832; 0.47; -0.51; -10.93; 1.36; 0.11; 43.46
11857; 0.47; -0.45; -10.88; 1.56; 0.12; 44.21
11884; 0.48; -0.46; -10.94; 1.66; 0.26; 46.09
11911; 0.48; -0.44; -11.0; 1.63; 0.38; 46.55
11936; 0.41; -0.44; -11.01; 1.54; 0.28; 47.72
11963; 0.41; -0.51; -11.0; 1.65; 0.51; 49.51
11996; 0.49; -0.46; -10.91; 1.63; 0.44; 50.98
12021; 0.46; -0.47; -11.01; 1.78; 0.4; 51.19
12048; 0.52; -0.42; -10.93; 1.69; 0.35; 52.75
12075; 0.5; -0.5; -10.92; 1.71; 0.3; 54.45
12100; 0.44; -0.44; -11.01; 1.85; 0.53; 55.39
12127; 0.41; -0.49; -10.88; 1.96; 0.61; 56.75
12153; 0.43; -0.39; -10.9; 1.98; 0.41; 57.43
12179; 0.46; -0.45; -10.84; 2.01; 0.75; 58.93
12206; 0.44; -0.5; -10.92; 2.2; 0.53; 59.97
12232; 0.45; -0.47; -10.91; 1.97; 0.81; 60.77
12259; 0.43; -0.4; -10.98; 2.22; 0.76; 62.84
12284; 0.48; -0.46; -10.97; 2.14; 0.9; 63.53
12317; 0.43; -0.47; -10.97; 2.2; 0.79; 65.07
12344; 0.45; -0.44; -10.9; 2.44; 0.95; 65.86
12369; 0.45; -0.52; -10.96; 2.36; 0.77; 67.37
12396; 0.43; -0.46; -10.96; 2.46; 0.61; 68.21
12423; 0.4; -0.48; -10.95; 2.34; 1.05; 69.79
12449; 0.37; -0.49; -10.93; 2.35; 1.03; 71.24
12476; 0.45; -0.46; -10.89; 2.36; 0.94; 71.74
12503; 0.43; -0.48; -11.01; 2.48; 1.11; 73.27
12529; 0.49; -0.54; -10.85; 2.59; 1.33; 74.55
12555; 0.47; -0.48; -10.98; 2.57; 1.34; 75.36
12581; 0.44; -0.5; -10.88; 2.79; 0.96; 77.03
12608; 0.42; -0.48; -10.93; 2.59; 1.4; 78.12
12641; 0.45; -0.5; -11.04; 2.91; 1.53; 79.64
12667; 0.45; -0.5; -10.84; 3.13; 1.2; 80.39
12693; 0.5; -0.48; -10.94; 3.01; 1.41; 82.2
12720; 0.49; -0.45; -10.9; 3.02; 1.48; 83.12
12746; 0.49; -0.47; -10.91; 2.84; 1.3; 84.27
12772; 0.48; -0.48; -10.98; 3.02; 1.56; 85.34
12798; 0.46; -0.49; -10.93; 3.23; 1.56; 86.27
12825; 0.49; -0.45; -10.95; 3.13; 1.43; 88.04
12851; 0.4; -0.49; -10.94; 3.06; 1.73; 89.24
12877; 0.42; -0.41; -10.9; 3.04; 1.67; 89.78
12904; 0.47; -0.53; -10.88; 3.16; 1.76; 91.35
12930; 0.49; -0.49; -10.91; 3.21; 1.55; 92.12
12962; 0.41; -0.42; -10.85; 3.37; 1.89; 94.12
12989; 0.49; -0.46; -10.89; 3.27; 1.72; 95.35
13015; 0.44; -0.4; -10.92; 3.51; 1.81; 96.12
13041; 0.41; -0.46; -11.01; 3.53; 1.79; 97.3
13068; 0.45; -0.48; -10.93; 3.51; 1.9; 99.33
13093; 0.46; -0.48; -10.98; 3.4; 1.98; 99.82
13120; 0.46; -0.45; -10.95; 3.7; 1.91; 100.8
13147; 0.41; -0.48; -10.94; 3.67; 2.18; 102.36
13173; 0.45; -0.46; -10.84; 3.56; 1.96; 103.55
13199; 0.48; -0.47; -10.92; 3.84; 2.01; 104.81
13225; 0.38; -0.49; -11.03; 3.8; 2.37; 105.5
13252; 0.43; -0.47; -10.97; 3.87; 2.23; 106.9
13284; 0.45; -0.47; -11.02; 4.04; 2.43; 108.31
13310; 0.38; -0.48; -11.04; 3.88; 2.36; 109.76
13337; 0.46; -0.53; -10.89; 4.0; 2.09; 110.59
13364; 0.35; -0.43; -10.89; 4.05; 2.49; 111.99
13389; 0.46; -0.48; -10.98; 4.1; 2.48; 113.67
13416; 0.41; -0.49; -10.87; 4.19; 2.2; 113.78
13443; 0.46; -0.41; -11.0; 4.07; 2.64; 115.78
13469; 0.43; -0.43; -10.91; 4.16; 2.62; 116.86
13496; 0.42; -0.47; -10.94; 4.46; 2.38; 117.48
13521; 0.42; -0.45; -10.97; 4.3; 2.56; 119.42
13548; 0.46; -0.46; -10.97; 4.36; 2.69; 120.05
13575; 0.42; -0.48; -10.87; 4.39; 2.58; 120.27
13607; 0.47; -0.48; -10.94; 4.1; 2.7; 119.29
13633; 0.47; -0.45; -10.9; 4.27; 2.58; 120.0
13660; 0.4; -0.4; -11.03; 4.33; 2.53; 119.62
13686; 0.44; -0.48; -10.98; 4.26; 2.48; 119.79
13713; 0.46; -0.45; -10.92; 4.31; 2.65; 120.14
13740; 0.48; -0.47; -11.06; 4.11; 2.52; 119.51
13766; 0.47; -0.45; -10.96; 4.3; 2.49; 119.78
13793; 0.46; -0.45; -10.98; 4.25; 2.59; 120.22
13819; 0.47; -0.47; -10.89; 4.5; 2.56; 119.48
13846; 0.4; -0.44; -11.02; 4.26; 2.71; 119.47
13873; 0.51; -0.52; -10.85; 4.1; 2.51; 120.39
13908; 0.42; -0.54; -10.95; 4.1; 2.59; 120.11
13941; 0.42; -0.46; -10.91; 4.33; 2.4; 119.67
13968; 0.45; -0.48; -10.9; 4.12; 2.53; 120.2
13995; 0.38; -0.52; -10.98; 4.39; 2.4; 119.38
14021; 0.46; -0.43; -10.95; 4.55; 2.59; 120.19
14048; 0.46; -0.48; -10.99; 4.28; 2.94; 120.2
14073; 0.44; -0.39; -10.88; 4.43; 2.49; 119.38
14100; 0.45; -0.43; -10.99; 4.16; 2.69; 120.06
14127; 0.5; -0.47; -10.92; 4.45; 2.46; 120.03
14153; 0.35; -0.42; -10.96; 4.29; 2.24; 119.61
14179; 0.39; -0.44; -10.91; 4.06; 2.78; 120.12
14205; 0.42; -0.48; -10.9; 4.14; 2.62; 119.73
14232; 0.38; -0.38; -11.01; 4.29; 2.73; 119.84
14264; 0.42; -0.46; -10.96; 4.19; 2.81; 119.87
14290; 0.43; -0.45; -10.92; 4.33; 2.49; 120.31
14317; 0.45; -0.45; -10.91; 4.52; 2.69; 119.54
14344; 0.44; -0.45; -10.94; 4.29; 2.51; 119.97
14369; 0.43; -0.49; -10.92; 4.27; 2.62; 120.06
14396; 0.43; -0.51; -10.98; 4.31; 2.58; 119.61
14423; 0.42; -0.5; -10.96; 4.3; 2.74; 120.01
14449; 0.46; -0.45; -10.88; 4.32; 2.57; 119.77
14475; 0.4; -0.48; -10.95; 4.29; 2.55; 119.66
14501; 0.43; -0.41; -10.99; 4.43; 2.56; 119.9
14528; 0.44; -0.49; -10.94; 4.16; 2.56; 119.54
14555; 0.42; -0.44; -10.98; 4.22; 2.78; 120.18
14596; 0.37; -0.42; -11.03; 4.41; 2.5; 119.54
14622; 0.41; -0.48; -10.95; 4.39; 2.62; 119.94
14649; 0.4; -0.47; -10.93; 4.44; 2.64; 120.09
14675; 0.37; -0.49; -10.87; 4.38; 2.6; 119.35
14702; 0.47; -0.44; -10.89; 4.42; 2.66; 120.13
14729; 0.39; -0.42; -10.89; 4.31; 2.72; 119.88
14754; 0.46; -0.49; -10.91; 4.35; 2.27; 119.36
14796; 0.46; -0.46; -10.9; 4.27; 2.62; 120.3
14823; 0.43; -0.49; -10.94; 4.36; 2.46; 119.38
14850; 0.4; -0.42; -10.91; 4.26; 2.66; 119.98
14876; 0.38; -0.51; -10.87; 4.48; 2.2; 120.08
14903; 0.42; -0.44; -10.92; 4.27; 2.56; 119.48
14935; 0.43; -0.48; -11.03; 4.36; 2.69; 119.43
14961; 0.37; -0.43; -10.94; 4.46; 2.72; 120.03
14988; 0.45; -0.45; -10.99; 4.16; 2.77; 120.07
15014; 0.42; -0.43; -10.97; 4.49; 2.6; 119.65
15041; 0.48; -0.51; -10.98; 4.3; 2.36; 119.58
15069; 0.44; -0.5; -10.95; 4.29; 2.45; 120.08
15095; 0.42; -0.45; -10.97; 4.26; 2.8; 119.82
15122; 0.43; -0.46; -10.97; 4.49; 2.78; 119.72
15149; 0.47; -0.52; -10.91; 4.19; 2.62; 119.93
15175; 0.5; -0.43; -10.9; 4.26; 2.54; 120.11
15202; 0.49; -0.45; -11.0; 4.19; 2.81; 119.75
15228; 0.43; -0.49; -11.07; 4.25; 2.62; 119.58
15261; 0.52; -0.44; -10.99; 4.4; 2.58; 119.48
15288; 0.46; -0.43; -10.94; 4.35; 2.4; 119.83
15314; 0.43; -0.5; -10.93; 4.25; 2.77; 120.21
15341; 0.46; -0.44; -10.93; 4.23; 2.56; 119.45
15368; 0.43; -0.44; -10.98; 4.23; 2.68; 119.8
15394; 0.47; -0.53; -10.85; 4.26; 2.56; 120.17
15421; 0.41; -0.46; -10.97; 4.35; 2.65; 119.38
15448; 0.4; -0.5; -10.93; 4.39; 2.77; 119.92
15474; 0.44; -0.47; -10.88; 4.37; 2.75; 120.16
15501; 0.45; -0.51; -10.93; 4.3; 2.51; 119.29
15527; 0.47; -0.45; -10.95; 4.12; 2.83; 119.99
15554; 0.43; -0.48; -10.88; 4.44; 2.56; 120.19
15587; 0.49; -0.46; -10.91; 4.34; 2.77; 120.15
15613; 0.42; -0.44; -10.97; 4.25; 2.82; 120.23
15640; 0.45; -0.54; -10.87; 4.42; 2.63; 119.48
15667; 0.44; -0.45; -10.98; 4.07; 2.74; 119.96
15693; 0.45; -0.48; -10.93; 4.25; 2.62; 120.19
15720; 0.43; -0.44; -11.03; 4.17; 2.74; 119.5
15746; 0.45; -0.5; -10.93; 4.06; 2.59; 120.04
15772; 0.42; -0.46; -10.92; 4.43; 2.6; 120.13
15799; 0.46; -0.4; -11.01; 4.3; 2.42; 119.44
15825; 0.42; -0.5; -10.91; 4.23; 2.59; 119.99
15852; 0.5; -0.48; -10.97; 4.32; 2.59; 120.05
15879; 0.46; -0.49; -10.92; 4.17; 2.75; 119.6
15903; 0.5; -0.46; -10.89; 4.39; 2.53; 119.63
15930; 0.4; -0.47; -10.88; 4.35; 2.47; 119.68
15956; 0.43; -0.48; -10.96; 4.53; 2.53; 120.31
15983; 0.42; -0.47; -10.98; 4.26; 2.56; 119.86
16010; 0.42; -0.5; -10.86; 4.26; 2.79; 119.6
16036; 0.43; -0.42; -10.88; 4.3; 2.53; 120.14
16063; 0.47; -0.48; -10.95; 4.26; 2.59; 119.67
16090; 0.51; -0.4; -10.95; 4.14; 2.71; 119.66
16116; 0.46; -0.46; -10.89; 4.36; 2.67; 120.35
16143; 0.43; -0.45; -10.88; 4.18; 2.52; 119.87
16169; 0.4; -0.45; -10.93; 4.55; 2.53; 119.64
16202; 0.42; -0.52; -10.95; 4.25; 2.58; 119.58
16229; 0.48; -0.44; -10.95; 4.36; 2.49; 119.79
16256; 0.42; -0.41; -10.89; 4.2; 2.53; 120.0
16282; 0.45; -0.45; -11.04; 4.3; 2.59; 119.73
16309; 0.46; -0.4; -10.94; 4.39; 2.51; 119.64
16335; 0.49; -0.49; -10.95; 4.32; 2.77; 119.98
16362; 0.44; -0.47; -10.85; 4.14; 2.86; 119.96
16389; 0.36; -0.45; -10.92; 4.25; 2.49; 119.52
16415; 0.41; -0.44; -10.97; 4.24; 2.63; 119.68
16443; 0.47; -0.47; -10.95; 4.23; 2.53; 120.19
16470; 0.41; -0.48; -10.97; 4.36; 2.34; 119.51
16496; 0.44; -0.47; -10.97; 4.42; 2.49; 119.64
16529; 0.47; -0.52; -10.92; 4.41; 2.55; 119.53
16556; 0.41; -0.5; -10.97; 4.19; 2.64; 120.02
16582; 0.43; -0.44; -10.97; 4.36; 2.7; 119.98
16609; 0.48; -0.48; -10.98; 4.37; 2.62; 119.46
16634; 0.41; -0.42; -10.88; 4.34; 2.66; 120.02
16661; 0.42; -0.48; -10.94; 4.06; 2.4; 119.9
16688; 0.39; -0.47; -10.99; 4.29; 2.69; 119.61
16714; 0.44; -0.47; -10.95; 4.5; 2.79; 120.04
16741; 0.38; -0.49; -10.92; 4.49; 2.57; 120.05
16768; 0.4; -0.42; -11.0; 4.23; 2.6; 119.46
16794; 0.46; -0.46; -10.94; 4.43; 2.5; 120.08
16821; 0.42; -0.48; -10.89; 4.41; 2.74; 119.82
16854; 0.43; -0.51; -10.95; 4.23; 2.65; 120.14
16880; 0.46; -0.48; -10.96; 4.37; 2.8; 119.65
16906; 0.42; -0.47; -10.93; 4.33; 2.74; 119.91
16932; 0.41; -0.46; -11.02; 4.29; 2.41; 120.15
16959; 0.36; -0.5; -10.94; 4.46; 2.68; 119.73
16986; 0.48; -0.39; -10.93; 4.15; 2.6; 119.72
17012; 0.38; -0.37; -10.88; 4.26; 2.54; 120.17
17039; 0.44; -0.4; -10.93; 4.23; 2.63; 119.57
17065; 0.46; -0.46; -10.93; 4.22; 2.69; 119.69
17092; 0.44; -0.43; -10.93; 4.23; 2.65; 119.93
17119; 0.36; -0.44; -10.97; 4.41; 2.84; 119.81
17145; 0.43; -0.47; -10.83; 4.41; 2.47; 119.72
17187; 0.45; -0.46; -10.91; 4.3; 2.68; 120.13
17214; 0.4; -0.45; -10.99; 4.17; 2.37; 119.51
17241; 0.43; -0.47; -10.91; 4.41; 2.72; 119.84
17267; 0.42; -0.42; -11.0; 4.26; 2.75; 120.06
17294; 0.41; -0.45; -10.9; 4.25; 2.62; 119.67
17320; 0.35; -0.47; -10.93; 4.26; 2.59; 119.93
17347; 0.37; -0.44; -10.98; 4.16; 2.56; 120.04
17374; 0.4; -0.51; -10.88; 4.29; 2.45; 119.79
17400; 0.41; -0.52; -10.95; 4.23; 2.55; 119.97
17427; 0.44; -0.49; -10.95; 4.29; 2.56; 120.0
17454; 0.43; -0.4; -10.92; 4.38; 2.65; 119.76
17480; 0.43; -0.53; -10.92; 4.11; 2.58; 119.96
17512; 0.4; -0.42; -10.95; 4.33; 2.66; 119.58
17539; 0.36; -0.44; -10.98; 4.17; 2.59; 120.38
17565; 0.47; -0.44; -10.99; 4.36; 2.57; 119.74
17592; 0.39; -0.44; -10.89; 4.39; 2.43; 119.48
17619; 0.42; -0.49; -10.93; 4.3; 2.61; 120.26
17646; 0.42; -0.46; -10.93; 4.37; 2.59; 119.91
17673; 0.41; -0.51; -10.92; 4.36; 2.72; 119.29
17699; 0.45; -0.42; -10.93; 4.3; 2.69; 119.87
17726; 0.42; -0.45; -10.9; 4.14; 2.59; 120.09
17753; 0.46; -0.47; -10.88; 4.02; 2.59; 119.51
17779; 0.43; -0.41; -10.97; 4.36; 2.62; 119.72
17806; 0.4; -0.48; -10.99; 4.25; 2.38; 119.99
17839; 0.43; -0.46; -10.95; 4.31; 2.66; 119.71
17865; 0.41; -0.46; -10.88; 4.07; 2.54; 120.13
17907; 0.45; -0.5; -10.9; 4.3; 2.62; 119.3
17934; 0.42; -0.45; -11.02; 4.37; 2.34; 120.12
17960; 0.43; -0.47; -10.95; 4.44; 2.77; 119.97
17987; 0.41; -0.47; -11.01; 4.2; 2.57; 119.54
18014; 0.45; -0.46; -10.96; 4.19; 2.69; 120.14
18040; 0.43; -0.48; -11.02; 4.26; 2.57; 119.94
18067; 0.44; -0.49; -10.93; 4.3; 2.56; 119.49
18093; 0.44; -0.47; -11.02; 4.26; 2.53; 119.9
18119; 0.42; -0.46; -10.96; 4.29; 2.54; 119.74
18146; 0.41; -0.5; -10.93; 4.24; 2.57; 119.52
18179; 0.44; -0.46; -10.87; 3.95; 2.82; 119.45
18205; 0.46; -0.44; -10.91; 4.18; 2.57; 120.33
18232; 0.44; -0.45; -10.93; 4.33; 2.64; 119.85
18258; 0.46; -0.44; -10.97; 4.28; 2.55; 119.35
18285; 0.41; -0.5; -10.99; 4.23; 2.55; 120.22
18312; 0.51; -0.47; -10.97; 4.14; 2.6; 119.91
18338; 0.42; -0.49; -10.9; 4.5; 2.76; 119.51
18364; 0.45; -0.48; -10.92; 4.25; 2.61; 120.12
18391; 0.45; -0.41; -10.99; 4.12; 2.57; 119.76
18417; 0.44; -0.45; -10.98; 4.3; 2.82; 119.49
18444; 0.45; -0.45; -10.9; 4.37; 2.65; 120.03
18470; 0.41; -0.44; -10.97; 4.36; 2.73; 119.92
18503; 0.43; -0.42; -11.01; 4.28; 2.63; 120.19
18530; 0.42; -0.49; -10.94; 4.19; 2.61; 119.63
18555; 0.44; -0.42; -10.91; 4.23; 2.66; 119.77
18582; 0.45; -0.39; -10.89; 4.3; 2.62; 120.03
18609; 0.44; -0.44; -10.95; 4.41; 2.65; 119.56
18635; 0.41; -0.43; -10.97; 4.17; 2.64; 119.96
18662; 0.48; -0.45; -10.92; 4.36; 2.59; 119.94
18689; 0.4; -0.45; -10.91; 4.17; 2.79; 119.55
18715; 0.39; -0.49; -10.88; 4.3; 2.69; 119.9
18742; 0.44; -0.49; -10.9; 4.3; 2.58; 119.83
18768; 0.48; -0.44; -10.98; 4.3; 2.7; 119.67
18795; 0.44; -0.47; -11.05; 4.25; 2.35; 120.2
18827; 0.42; -0.45; -10.95; 4.24; 2.54; 119.74
18853; 0.47; -0.49; -10.93; 4.33; 2.64; 120.22
18880; 0.43; -0.43; -10.94; 4.19; 2.38; 119.77
18907; 0.4; -0.51; -10.86; 4.16; 2.75; 119.66
18933; 0.51; -0.46; -10.95; 4.35; 2.63; 120.22
18961; 0.44; -0.41; -10.96; 4.17; 2.62; 119.82
18988; 0.4; -0.41; -10.88; 4.18; 2.76; 119.46
19014; 0.47; -0.41; -10.96; 4.33; 2.46; 119.94
19041; 0.43; -0.42; -10.88; 4.16; 2.72; 119.93
19067; 0.43; -0.46; -10.91; 4.23; 2.76; 119.42
19094; 0.46; -0.5; -10.9; 4.21; 2.66; 119.92
19121; 0.42; -0.49; -10.98; 4.48; 2.61; 120.27
19153; 0.39; -0.52; -10.9; 4.26; 2.43; 119.96
19180; 0.45; -0.54; -11.01; 4.17; 2.8; 119.69
19207; 0.48; -0.49; -10.92; 4.33; 2.69; 119.93
19232; 0.49; -0.49; -10.99; 4.21; 2.57; 119.93
19259; 0.41; -0.38; -11.03; 4.3; 2.59; 119.61
19286; 0.45; -0.46; -10.94; 4.26; 2.62; 119.81
19312; 0.52; -0.52; -10.93; 4.38; 2.54; 120.19
19339; 0.51; -0.5; -10.84; 4.27; 2.41; 119.51
19365; 0.45; -0.5; -10.96; 4.23; 2.4; 119.8
19392; 0.37; -0.47; -10.89; 4.26; 2.73; 120.05
19419; 0.44; -0.41; -10.85; 4.2; 2.93; 119.4
19450; 0.46; -0.46; -10.97; 4.46; 2.8; 119.76
19477; 0.46; -0.46; -10.93; 4.31; 2.72; 119.43
19504; 0.46; -0.45; -10.93; 4.19; 2.48; 120.12
19530; 0.45; -0.49; -10.95; 4.41; 2.7; 119.71
19557; 0.43; -0.5; -10.93; 4.35; 2.78; 119.54
19584; 0.38; -0.48; -10.97; 4.26; 2.62; 120.14
19610; 0.43; -0.52; -10.94; 4.34; 2.62; 119.72
19637; 0.5; -0.48; -11.03; 4.3; 2.69; 119.98
19662; 0.41; -0.55; -10.93; 4.24; 2.53; 120.13
19689; 0.4; -0.47; -10.98; 4.24; 2.65; 119.62
19716; 0.42; -0.52; -10.93; 4.33; 2.45; 119.8
19742; 0.47; -0.47; -10.93; 4.31; 2.63; 120.01
19775; 0.47; -0.46; -10.93; 4.13; 2.57; 120.16
19801; 0.4; -0.52; -10.9; 4.39; 2.61; 119.48
19827; 0.4; -0.47; -10.99; 4.29; 2.66; 119.61
19854; 0.34; -0.48; -10.92; 4.43; 2.67; 120.32
19880; 0.43; -0.47; -10.96; 4.2; 2.5; 119.61
19907; 0.4; -0.5; -10.88; 4.39; 2.5; 119.96
19934; 0.43; -0.52; -10.91; 4.33; 2.47; 119.93
19960; 0.37; -0.52; -10.92; 4.14; 2.69; 119.42
19987; 0.42; -0.46; -10.91; 4.24; 2.62; 119.92
20014; 0.42; -0.46; -10.96; 4.17; 2.4; 120.16
20039; 0.43; -0.48; -10.91; 4.36; 2.58; 119.46
20066; 0.41; -0.43; -10.99; 4.33; 2.62; 120.12
20099; 0.42; -0.47; -11.0; 4.26; 2.5; 119.82
20125; 0.38; -0.44; -10.99; 4.47; 2.66; 120.22
20152; 0.44; -0.5; -10.8; 4.27; 2.5; 119.62
20178; 0.48; -0.42; -10.9; 4.15; 2.32; 119.8
20205; 0.43; -0.45; -10.94; 4.34; 2.46; 120.3
20232; 0.43; -0.46; -10.93; 4.17; 2.59; 119.71
20258; 0.41; -0.5; -10.92; 4.39; 2.43; 119.48
20285; 0.41; -0.41; -10.99; 4.23; 2.51; 120.37
20312; 0.53; -0.49; -11.0; 4.19; 2.68; 119.75
20338; 0.44; -0.48; -10.93; 4.2; 2.62; 119.45
20365; 0.41; -0.46; -10.96; 4.28; 2.66; 120.26
20391; 0.38; -0.45; -10.84; 4.3; 2.72; 120.12
20424; 0.43; -0.44; -10.89; 4.26; 2.85; 120.15
20461; 0.46; -0.49; -10.94; 4.31; 2.56; 120.01
20488; 0.4; -0.43; -10.94; 4.33; 2.61; 119.91
20513; 0.42; -0.49; -10.86; 4.04; 2.57; 119.48
20540; 0.46; -0.47; -10.94; 4.61; 2.62; 120.29
20567; 0.4; -0.47; -10.96; 4.23; 2.62; 119.8
20593; 0.42; -0.5; -10.88; 4.39; 2.72; 119.55
20620; 0.46; -0.44; -10.96; 4.16; 2.66; 120.24
20646; 0.4; -0.46; -10.91; 4.26; 2.81; 119.67
20673; 0.44; -0.51; -10.95; 4.39; 2.66; 119.62
20699; 0.4; -0.46; -10.88; 4.31; 2.32; 120.14
20725; 0.4; -0.43; -10.88; 4.02; 2.57; 119.62
20758; 0.47; -0.41; -10.87; 4.3; 2.41; 119.82
20785; 0.45; -0.44; -10.88; 4.34; 2.72; 119.71
20811; 0.36; -0.42; -10.98; 4.32; 2.56; 120.06
20838; 0.41; -0.45; -10.95; 4.23; 2.86; 119.5
20864; 0.43; -0.4; -10.92; 4.42; 2.62; 119.83
20890; 0.42; -0.45; -10.91; 4.4; 2.47; 120.12
20917; 0.45; -0.47; -10.95; 4.18; 2.48; 119.51
20943; 0.4; -0.46; -10.89; 4.2; 2.49; 119.82
20985; 0.41; -0.45; -10.94; 4.34; 2.56; 119.9
21012; 0.46; -0.43; -10.87; 4.15; 2.7; 119.41
21039; 0.42; -0.44; -10.85; 4.5; 2.5; 120.18
21065; 0.37; -0.51; -10.94; 4.3; 2.49; 119.9
21097; 0.47; -0.46; -10.99; 4.09; 2.55; 119.77
21124; 0.48; -0.45; -11.01; 4.4; 2.65; 119.56
21150; 0.41; -0.42; -10.97; 4.33; 2.38; 120.15
21177; 0.39; -0.45; -10.96; 4.13; 2.4; 119.51
21202; 0.42; -0.42; -10.94; 4.54; 2.66; 119.58
21229; 0.41; -0.48; -10.93; 4.18; 2.65; 120.12
21256; 0.42; -0.45; -10.93; 4.23; 2.78; 119.51
21282; 0.41; -0.49; -10.81; 4.15; 2.59; 119.68
21309; 0.44; -0.47; -10.93; 4.21; 2.49; 120.04
21336; 0.47; -0.48; -10.91; 4.39; 2.62; 119.51
21362; 0.46; -0.41; -10.98; 4.26; 2.56; 119.93
21388; 0.46; -0.46; -10.93; 4.2; 2.46; 120.09
21421; 0.44; -0.48; -10.99; 4.35; 2.66; 119.91
21447; 0.5; -0.5; -10.81; 4.23; 2.43; 119.69
21474; 0.52; -0.48; -10.88; 4.3; 2.75; 119.61
21500; 0.44; -0.45; -11.0; 4.46; 2.69; 120.02
21527; 0.43; -0.46; -10.89; 4.32; 2.6; 119.81
21554; 0.43; -0.44; -10.93; 4.38; 2.75; 119.67
21580; 0.46; -0.47; -10.97; 4.36; 2.83; 120.12
21607; 0.49; -0.45; -10.93; 4.19; 2.71; 119.94
21634; 0.39; -0.42; -10.93; 4.46; 2.82; 119.71
21660; 0.42; -0.47; -10.94; 4.33; 2.67; 120.05
21687; 0.49; -0.44; -10.93; 4.3; 2.56; 120.14
21713; 0.42; -0.47; -10.95; 4.29; 2.53; 119.59
21746; 0.47; -0.44; -10.9; 4.37; 2.57; 119.44
21773; 0.47; -0.5; -10.96; 4.23; 2.82; 119.83
21798; 0.47; -0.41; -10.87; 4.3; 2.57; 120.24
21825; 0.5; -0.45; -10.96; 4.14; 2.85; 119.52
21852; 0.45; -0.46; -10.95; 4.26; 2.74; 120.14
21878; 0.45; -0.43; -10.95; 4.39; 2.49; 120.11
21905; 0.41; -0.45; -10.99; 4.19; 2.49; 119.61
21932; 0.46; -0.38; -10.9; 4.26; 2.58; 120.16
21957; 0.46; -0.46; -10.97; 4.09; 2.6; 120.08
21984; 0.41; -0.53; -10.99; 4.18; 2.5; 119.42
22010; 0.4; -0.45; -10.92; 4.14; 2.37; 120.16
22037; 0.43; -0.43; -10.97; 4.17; 2.64; 119.74
22070; 0.49; -0.49; -10.93; 4.29; 2.56; 119.75
22095; 0.49; -0.49; -10.92; 4.29; 2.78; 119.45
22122; 0.5; -0.44; -10.86; 4.37; 2.49; 120.16
22149; 0.48; -0.46; -10.89; 4.36; 2.48; 119.77
22175; 0.44; -0.46; -11.01; 4.27; 2.36; 119.63
22202; 0.46; -0.51; -10.86; 4.03; 2.55; 120.27
22228; 0.47; -0.49; -10.92; 4.54; 2.5; 119.53
22254; 0.42; -0.41; -10.92; 4.47; 2.65; 119.77
22281; 0.41; -0.47; -10.94; 4.26; 2.58; 120.31
22307; 0.38; -0.5; -10.91; 4.25; 2.69; 119.38
22334; 0.38; -0.44; -10.97; 4.5; 2.69; 119.92
22361; 0.44; -0.45; -11.01; 4.36; 2.77; 119.95
22392; 0.46; -0.44; -10.88; 4.31; 2.31; 120.18
22419; 0.43; -0.4; -10.96; 4.32; 2.78; 119.53
22446; 0.48; -0.43; -10.87; 4.39; 2.77; 120.07
22472; 0.43; -0.42; -10.88; 4.39; 2.49; 119.93
22499; 0.49; -0.48; -10.94; 4.41; 2.49; 119.44
22524; 0.45; -0.52; -10.83; 4.3; 2.47; 120.25
22551; 0.39; -0.49; -10.93; 4.12; 2.72; 119.59
22578; 0.47; -0.5; -10.89; 4.26; 2.49; 119.58
22604; 0.45; -0.4; -10.93; 4.28; 2.8; 120.17
22631; 0.45; -0.48; -10.89; 4.26; 2.71; 119.75
22657; 0.49; -0.47; -10.97; 4.33; 2.49; 119.77
22683; 0.47; -0.4; -10.98; 4.3; 2.59; 120.1
22716; 0.44; -0.47; -10.96; 4.3; 2.43; 120.17
22743; 0.46; -0.49; -11.03; 4.23; 2.59; 119.69
22769; 0.43; -0.5; -10.97; 4.28; 2.63; 119.54
22796; 0.48; -0.47; -10.96; 4.25; 2.56; 120.12
22822; 0.49; -0.51; -10.97; 4.4; 2.66; 119.6
22849; 0.49; -0.44; -10.98; 4.26; 2.47; 119.66
22876; 0.41; -0.46; -11.04; 4.3; 2.66; 120.28
22902; 0.42; -0.5; -10.96; 4.28; 2.51; 119.78
22929; 0.41; -0.48; -10.87; 4.35; 2.52; 119.63
22956; 0.42; -0.45; -10.92; 4.26; 2.82; 120.3
22982; 0.4; -0.47; -10.97; 4.14; 2.71; 119.88
23014; 0.4; -0.45; -10.95; 4.26; 2.38; 120.25
23041; 0.45; -0.52; -10.92; 4.23; 2.68; 119.68
23067; 0.42; -0.44; -10.98; 4.33; 2.53; 120.02
23094; 0.41; -0.49; -10.93; 4.44; 2.32; 120.05
23120; 0.37; -0.47; -10.95; 4.24; 2.72; 119.71
23147; 0.46; -0.48; -10.94; 4.39; 2.57; 120.09
23173; 0.48; -0.47; -10.95; 4.24; 2.52; 119.74
23199; 0.39; -0.41; -10.97; 4.4; 2.56; 119.79
23226; 0.46; -0.46; -11.04; 4.06; 2.62; 120.11
23252; 0.43; -0.47; -10.91; 4.41; 2.68; 119.61
23279; 0.41; -0.46; -10.88; 4.21; 2.41; 119.92
23305; 0.4; -0.46; -10.93; 4.18; 2.6; 120.03
23337; 0.42; -0.43; -10.96; 4.27; 2.67; 120.31
23364; 0.39; -0.53; -10.95; 4.17; 2.6; 119.76
23391; 0.41; -0.47; -10.91; 4.26; 2.72; 119.74
23416; 0.43; -0.46; -10.94; 4.25; 2.69; 119.99
23443; 0.42; -0.45; -10.92; 4.27; 2.3; 119.58
23470; 0.47; -0.47; -10.94; 4.39; 2.66; 119.96
23496; 0.37; -0.48; -10.96; 4.2; 2.53; 119.73
23523; 0.43; -0.47; -10.88; 4.25; 2.4; 119.61
23548; 0.39; -0.49; -10.96; 4.32; 2.44; 120.32
23575; 0.43; -0.45; -10.89; 4.35; 2.58; 119.49
23602; 0.53; -0.45; -10.92; 4.43; 2.59; 119.7
23628; 0.44; -0.42; -10.97; 4.26; 2.55; 120.56
23660; 0.43; -0.44; -10.96; 4.07; 2.7; 120.02
23697; 0.34; -0.46; -10.86; 4.36; 2.66; 119.99
23724; 0.46; -0.45; -10.91; 4.23; 2.55; 120.04
23750; 0.46; -0.52; -10.99; 4.3; 2.56; 119.48
23776; 0.5; -0.48; -10.96; 4.36; 2.69; 120.29
23802; 0.43; -0.43; -10.97; 4.42; 2.4; 119.8
23829; 0.48; -0.46; -10.93; 4.26; 2.63; 119.64
23856; 0.46; -0.44; -10.99; 4.33; 2.48; 120.2
23882; 0.42; -0.47; -10.95; 4.18; 2.56; 119.54
23908; 0.44; -0.45; -10.92; 4.26; 2.39; 119.71
23934; 0.42; -0.42; -11.0; 4.05; 2.67; 120.03
23961; 0.44; -0.51; -10.94; 4.39; 2.72; 119.71
23994; 0.34; -0.43; -10.94; 4.36; 2.59; 119.61
24020; 0.48; -0.46; -10.95; 4.23; 2.58; 119.8
24062; 0.42; -0.43; -10.93; 4.42; 2.68; 119.9
24089; 0.42; -0.42; -10.93; 4.26; 2.64; 119.37
24115; 0.41; -0.44; -11.03; 4.22; 2.46; 120.14
24141; 0.44; -0.48; -10.93; 4.17; 2.66; 120.03
24168; 0.41; -0.53; -10.93; 4.23; 2.47; 119.58
24195; 0.44; -0.46; -10.95; 4.45; 2.52; 120.11
24221; 0.38; -0.41; -10.98; 4.4; 2.83; 120.01
24248; 0.45; -0.45; -10.9; 4.33; 2.53; 119.3
24274; 0.39; -0.47; -10.88; 4.14; 2.59; 120.03
24301; 0.41; -0.44; -10.97; 4.31; 2.56; 120.03
24334; 0.46; -0.45; -10.96; 4.26; 2.47; 120.09
24360; 0.4; -0.48; -10.95; 4.32; 2.39; 119.51
24386; 0.47; -0.49; -11.02; 4.42; 2.73; 120.08
24413; 0.46; -0.43; -10.96; 4.39; 2.59; 120.02
24439; 0.45; -0.45; -10.95; 4.43; 2.77; 119.61
24466; 0.41; -0.39; -10.96; 4.39; 2.63; 120.12
24493; 0.45; -0.44; -10.87; 4.25; 2.81; 119.8
24518; 0.44; -0.51; -10.92; 4.38; 2.55; 119.77
24545; 0.41; -0.45; -10.96; 4.17; 2.62; 120.16
24571; 0.4; -0.4; -10.89; 4.36; 2.45; 119.46
24598; 0.45; -0.42; -10.93; 4.17; 2.56; 120.03
24624; 0.44; -0.39; -10.92; 4.45; 2.51; 120.12
24656; 0.47; -0.44; -10.86; 4.26; 2.46; 120.03
24683; 0.5; -0.46; -10.94; 4.26; 2.62; 119.55
24709; 0.47; -0.53; -10.88; 4.14; 2.69; 120.03
24735; 0.4; -0.55; -10.88; 4.37; 2.58; 119.77
24762; 0.51; -0.43; -11.03; 4.39; 2.54; 119.54
24788; 0.46; -0.47; -10.93; 4.34; 2.67; 120.32
24815; 0.46; -0.46; -10.93; 4.32; 2.52; 119.66
24841; 0.47; -0.44; -11.01; 4.49; 2.59; 119.91
24867; 0.43; -0.42; -10.91; 4.22; 2.57; 120.22
24894; 0.48; -0.5; -10.91; 4.07; 2.8; 119.71
24921; 0.46; -0.43; -10.93; 4.28; 2.49; 120.16
24946; 0.53; -0.46; -11.02; 4.39; 2.75; 120.09
24977; 0.47; -0.5; -10.97; 4.03; 2.56; 119.52
25004; 0.41; -0.48; -10.91; 4.35; 2.45; 120.04
25030; 0.42; -0.44; -10.93; 4.34; 2.59; 119.89
25057; 0.46; -0.48; -10.94; 4.43; 2.49; 119.82
25082; 0.46; -0.5; -10.88; 4.31; 2.59; 120.2
25109; 0.4; -0.46; -10.87; 4.49; 2.43; 119.67
25136; 0.45; -0.45; -11.0; 4.3; 2.91; 119.98
25162; 0.46; -0.47; -10.93; 4.22; 2.66; 119.7
25188; 0.51; -0.46; -10.95; 4.2; 2.59; 119.64
25214; 0.49; -0.56; -10.88; 4.31; 2.68; 120.21
25241; 0.48; -0.42; -10.91; 4.32; 2.81; 119.45
25268; 0.43; -0.5; -10.96; 4.2; 2.66; 119.82
25299; 0.43; -0.49; -10.89; 4.34; 2.56; 119.59
25326; 0.39; -0.45; -10.98; 4.32; 2.4; 120.07
25353; 0.46; -0.51; -10.89; 4.52; 2.55; 119.66
25380; 0.43; -0.43; -10.94; 4.23; 2.53; 119.62
25407; 0.38; -0.47; -10.95; 4.3; 2.66; 119.81
25434; 0.37; -0.44; -10.84; 4.15; 2.59; 120.09
25460; 0.45; -0.51; -10.88; 4.36; 2.56; 119.73
25487; 0.47; -0.45; -10.96; 4.24; 2.49; 119.57
25513; 0.4; -0.48; -10.92; 4.27; 2.48; 119.97
25540; 0.48; -0.47; -10.99; 4.39; 2.66; 119.92
25568; 0.46; -0.49; -10.91; 4.29; 2.43; 119.48
25594; 0.44; -0.49; -10.87; 4.28; 2.65; 119.91
25627; 0.45; -0.46; -10.89; 4.07; 2.49; 119.6
25654; 0.4; -0.42; -11.01; 4.33; 2.57; 120.03
25680; 0.45; -0.45; -10.92; 4.16; 2.55; 119.92
25707; 0.45; -0.48; -10.93; 4.34; 2.71; 119.71
25733; 0.4; -0.46; -10.94; 4.18; 2.64; 120.06
25759; 0.45; -0.53; -10.98; 4.16; 2.77; 119.96
25786; 0.47; -0.48; -10.91; 4.28; 2.46; 119.49
25812; 0.39; -0.51; -10.94; 4.24; 2.55; 119.97
25839; 0.48; -0.45; -10.91; 4.24; 2.53; 119.85
25866; 0.46; -0.52; -10.88; 4.43; 2.66; 119.51
25892; 0.38; -0.52; -10.95; 4.22; 2.53; 120.1
25919; 0.4; -0.46; -11.02; 4.14; 2.27; 120.11
25952; 0.45; -0.46; -10.92; 4.2; 2.5; 120.12
25978; 0.41; -0.46; -10.93; 4.28; 2.62; 119.45
26005; 0.46; -0.45; -10.87; 4.3; 2.61; 119.73
26032; 0.41; -0.46; -10.94; 4.21; 2.68; 120.3
26058; 0.44; -0.5; -10.91; 4.46; 2.6; 119.58
26085; 0.42; -0.46; -11.01; 4.26; 2.39; 119.66
26112; 0.4; -0.42; -10.95; 4.28; 2.71; 120.3
26138; 0.45; -0.47; -10.97; 4.2; 2.43; 119.65
26165; 0.44; -0.43; -10.88; 4.3; 2.62; 119.56
26191; 0.52; -0.46; -10.92; 4.21; 2.45; 120.41
26218; 0.44; -0.49; -10.86; 4.39; 2.75; 119.79
26245; 0.44; -0.41; -10.96; 4.51; 2.64; 119.57
26276; 0.43; -0.4; -10.89; 4.35; 2.28; 119.72
26303; 0.38; -0.43; -10.88; 4.1; 2.59; 120.14
26330; 0.45; -0.43; -10.87; 4.23; 2.57; 120.1
26356; 0.39; -0.45; -10.97; 4.22; 2.59; 119.7
26383; 0.45; -0.44; -10.88; 4.3; 2.67; 119.94
26409; 0.4; -0.47; -10.99; 4.26; 2.65; 119.99
26436; 0.46; -0.5; -10.86; 4.44; 2.36; 119.78
26463; 0.44; -0.46; -10.91; 4.2; 2.63; 120.09
26489; 0.4; -0.46; -10.94; 4.46; 2.59; 119.87
26516; 0.48; -0.41; -10.94; 4.5; 2.55; 119.42
26543; 0.45; -0.46; -10.85; 4.31; 2.72; 120.17
26574; 0.49; -0.47; -10.93; 4.38; 2.54; 119.63
26601; 0.44; -0.47; -10.9; 4.26; 2.56; 120.09
26629; 0.41; -0.43; -10.94; 4.16; 2.79; 119.91
26655; 0.47; -0.44; -10.94; 4.3; 2.53; 119.53
26682; 0.41; -0.42; -10.99; 4.23; 2.54; 119.93
26708; 0.46; -0.49; -10.95; 4.46; 2.75; 120.12
26735; 0.47; -0.42; -10.96; 4.39; 2.68; 119.48
26762; 0.45; -0.37; -10.92; 4.07; 2.72; 119.82
26788; 0.45; -0.42; -10.87; 4.33; 2.6; 120.27
26815; 0.48; -0.47; -10.94; 4.32; 2.66; 119.55
26843; 0.42; -0.49; -10.99; 4.18; 2.45; 119.61
26869; 0.39; -0.45; -10.91; 4.26; 2.32; 120.19
26902; 0.42; -0.45; -10.93; 4.18; 2.61; 119.58
26928; 0.46; -0.42; -10.99; 4.46; 2.66; 120.14
26964; 0.41; -0.44; -10.95; 4.36; 2.66; 120.29
26991; 0.43; -0.39; -10.92; 4.4; 2.51; 119.89
27018; 0.44; -0.48; -10.92; 4.11; 2.68; 119.51
27044; 0.42; -0.42; -10.85; 4.34; 2.65; 120.18
27071; 0.42; -0.49; -10.85; 4.27; 2.52; 119.93
27098; 0.47; -0.43; -10.93; 4.2; 2.6; 119.41
27140; 0.49; -0.46; -10.88; 4.14; 2.93; 120.23
27166; 0.49; -0.55; -10.99; 4.2; 2.66; 119.71
27193; 0.48; -0.45; -10.9; 4.36; 2.48; 119.48
27219; 0.48; -0.46; -10.95; 4.43; 2.58; 120.17
27251; 0.39; -0.38; -10.94; 4.16; 2.59; 120.12
27278; 0.43; -0.5; -10.9; 4.33; 2.6; 119.95
27304; 0.41; -0.44; -10.89; 4.22; 2.74; 119.57
27331; 0.44; -0.42; -11.02; 4.19; 2.83; 120.01
27358; 0.45; -0.46; -10.96; 4.22; 2.74; 120.08
27384; 0.46; -0.48; -10.95; 4.2; 2.47; 119.49
27411; 0.47; -0.48; -10.94; 4.36; 2.49; 120.03
27438; 0.43; -0.42; -10.93; 4.24; 2.81; 120.1
27464; 0.41; -0.43; -10.92; 4.24; 2.66; 119.64
27491; 0.48; -0.44; -10.97; 4.27; 2.51; 120.04
27517; 0.53; -0.48; -10.92; 4.26; 2.59; 119.98
27544; 0.5; -0.44; -10.93; 4.36; 2.78; 119.55
27576; 0.5; -0.46; -10.9; 4.25; 2.63; 119.46
27602; 0.46; -0.41; -10.98; 4.63; 2.43; 120.09
27629; 0.47; -0.47; -10.88; 4.15; 2.62; 120.2
27656; 0.45; -0.46; -10.91; 4.23; 2.72; 119.32
27682; 0.44; -0.45; -10.92; 4.38; 2.57; 120.04
27709; 0.47; -0.43; -10.93; 4.2; 2.44; 120.12
27736; 0.45; -0.5; -10.95; 4.1; 2.64; 119.38
27762; 0.4; -0.48; -10.86; 4.2; 2.57; 119.84
27789; 0.46; -0.44; -10.88; 4.33; 2.6; 120.12
27815; 0.41; -0.48; -10.86; 4.6; 2.68; 119.53
27842; 0.38; -0.49; -11.02; 4.26; 2.77; 120.16
27869; 0.39; -0.48; -10.97; 4.39; 2.53; 120.09
27900; 0.41; -0.51; -11.03; 4.14; 2.53; 120.1
27927; 0.45; -0.42; -10.94; 4.43; 2.62; 119.66
27954; 0.45; -0.47; -10.92; 4.46; 2.58; 119.78
27980; 0.45; -0.52; -10.89; 4.2; 2.57; 119.99
28007; 0.44; -0.51; -10.94; 4.36; 2.79; 119.7
28035; 0.41; -0.51; -10.95; 4.26; 2.69; 119.71
28061; 0.41; -0.5; -10.99; 4.36; 2.66; 119.89
28088; 0.46; -0.5; -10.92; 4.38; 2.57; 119.93
28114; 0.45; -0.51; -10.89; 4.52; 2.71; 119.58
28141; 0.46; -0.4; -10.96; 4.43; 2.59; 119.74
28168; 0.4; -0.45; -10.87; 4.29; 2.46; 120.04
28194; 0.4; -0.47; -10.9; 4.23; 2.6; 120.02
28227; 0.44; -0.46; -10.9; 4.3; 2.4; 119.9
28254; 0.4; -0.48; -10.92; 4.22; 2.5; 119.35
28280; 0.43; -0.55; -11.01; 4.23; 2.44; 120.16
28307; 0.44; -0.45; -10.89; 4.28; 2.78; 119.96
28333; 0.41; -0.46; -10.87; 4.45; 2.56; 119.42
28359; 0.4; -0.43; -10.94; 4.4; 2.64; 120.09
28386; 0.48; -0.48; -10.88; 4.27; 2.56; 120.03
28412; 0.46; -0.49; -10.9; 4.19; 2.58; 119.42
28439; 0.49; -0.44; -10.94; 4.21; 2.66; 120.13
28466; 0.46; -0.47; -10.9; 4.34; 2.66; 119.8
28492; 0.39; -0.48; -10.9; 4.28; 2.48; 119.49
28519; 0.43; -0.43; -10.96; 4.44; 2.62; 120.14
28551; 0.41; -0.46; -10.82; 4.14; 2.43; 119.96
28577; 0.44; -0.47; -10.85; 4.26; 2.48; 120.06
28604; 0.44; -0.49; -10.97; 4.46; 2.51; 119.55
28631; 0.41; -0.5; -10.92; 4.3; 2.38; 120.02
28657; 0.42; -0.46; -10.93; 4.35; 2.45; 119.9
28684; 0.46; -0.44; -10.91; 4.46; 2.72; 119.53
28710; 0.51; -0.49; -11.05; 4.23; 2.6; 120.14
28737; 0.4; -0.51; -10.97; 4.34; 2.5; 119.95
28764; 0.46; -0.49; -10.91; 4.37; 2.41; 119.61
28790; 0.4; -0.41; -10.91; 4.27; 2.5; 120.24
28817; 0.45; -0.49; -10.95; 4.17; 2.61; 119.8
28844; 0.44; -0.44; -10.93; 4.26; 2.76; 119.46
28875; 0.42; -0.45; -10.97; 4.43; 2.54; 119.73
28902; 0.41; -0.56; -11.01; 4.52; 2.67; 119.96
28929; 0.41; -0.43; -10.88; 4.6; 2.56; 120.06
28955; 0.41; -0.52; -10.89; 4.26; 2.72; 119.7
28982; 0.47; -0.41; -11.03; 4.49; 2.42; 119.74
29008; 0.44; -0.53; -10.97; 4.25; 2.37; 119.83
29035; 0.43; -0.46; -10.98; 4.25; 2.85; 119.6
29061; 0.4; -0.44; -10.92; 4.13; 2.58; 120.07
29087; 0.42; -0.48; -10.96; 4.15; 2.71; 119.97
29114; 0.4; -0.45; -10.93; 4.26; 2.63; 119.7
29140; 0.43; -0.49; -10.85; 4.28; 2.63; 120.02
29167; 0.38; -0.52; -10.91; 4.36; 2.76; 119.8
29200; 0.35; -0.39; -10.89; 4.33; 2.66; 120.36
29227; 0.37; -0.46; -10.93; 4.17; 2.59; 119.51
29253; 0.43; -0.43; -10.95; 4.43; 2.43; 119.68
29280; 0.35; -0.46; -10.93; 4.39; 2.62; 120.24
29306; 0.46; -0.44; -10.95; 4.3; 2.56; 119.59
29333; 0.34; -0.51; -10.92; 4.24; 2.67; 119.48
29360; 0.43; -0.46; -10.89; 4.25; 2.63; 120.26
29386; 0.43; -0.46; -10.9; 4.23; 2.45; 120.06
29413; 0.42; -0.47; -10.9; 4.17; 2.67; 119.55
29440; 0.38; -0.46; -10.98; 4.17; 2.49; 119.97
29466; 0.4; -0.5; -10.94; 4.36; 2.85; 120.21
29493; 0.37; -0.46; -10.98; 4.38; 2.72; 119.61
29526; 0.43; -0.45; -10.94; 4.23; 2.66; 119.83
29552; 0.43; -0.41; -10.9; 4.34; 2.49; 119.57
29579; 0.43; -0.44; -11.02; 4.14; 2.63; 119.86
29605; 0.39; -0.52; -10.95; 4.06; 2.62; 119.87
29632; 0.32; -0.46; -10.88; 4.29; 2.62; 119.92
29659; 0.48; -0.43; -10.95; 4.4; 2.58; 119.99
29684; 0.42; -0.46; -10.94; 4.19; 2.66; 119.5
29711; 0.46; -0.44; -10.89; 4.23; 2.69; 119.77
29737; 0.44; -0.53; -10.91; 4.21; 2.53; 120.12
29764; 0.51; -0.45; -10.97; 4.33; 2.66; 119.64
29791; 0.39; -0.5; -10.89; 4.11; 2.24; 119.94
29817; 0.4; -0.49; -10.98; 4.27; 2.53; 120.11
29842; 0.37; -0.49; -11.0; 4.25; 2.44; 119.87
29869; 0.42; -0.39; -10.98; 4.26; 2.65; 120.12
29895; 0.46; -0.46; -11.05; 4.24; 2.62; 119.41
29922; 0.43; -0.46; -10.94; 4.27; 2.59; 119.8
29948; 0.46; -0.41; -10.96; 4.35; 2.63; 119.83
29975; 0.46; -0.43; -10.99; 4.2; 2.73; 119.58
30001; 0.41; -0.46; -10.9; 4.18; 2.4; 119.81
30027; 0.48; -0.42; -10.95; 4.39; 2.78; 119.76
30054; 0.41; -0.45; -11.0; 4.22; 2.66; 119.71
30081; 0.44; -0.51; -10.94; 4.15; 2.68; 119.99
30107; 0.43; -0.46; -10.95; 4.38; 2.52; 119.68
30140; 0.49; -0.43; -10.92; 4.23; 2.44; 119.77
30166; 0.47; -0.4; -10.9; 4.3; 2.64; 119.45
30208; 0.38; -0.46; -10.95; 4.09; 2.69; 120.24
30244; 0.43; -0.41; -10.92; 4.21; 2.46; 120.03
30271; 0.45; -0.48; -10.94; 4.3; 2.52; 119.9
30298; 0.42; -0.47; -10.97; 4.15; 2.49; 119.61
30324; 0.42; -0.47; -10.99; 4.28; 2.48; 120.06
30351; 0.45; -0.49; -10.89; 4.3; 2.45; 119.91
30377; 0.43; -0.37; -10.88; 3.92; 2.45; 119.59
30403; 0.48; -0.46; -10.99; 4.23; 2.78; 120.2
30430; 0.43; -0.4; -10.95; 4.18; 2.59; 119.59
30456; 0.39; -0.47; -10.99; 4.19; 2.5; 119.73
30489; 0.46; -0.46; -10.85; 4.48; 2.9; 119.53
30516; 0.49; -0.37; -10.88; 4.46; 2.64; 119.99
30542; 0.52; -0.46; -11.03; 4.37; 2.82; 120.0
30569; 0.48; -0.47; -10.97; 4.23; 2.46; 119.31
30596; 0.4; -0.5; -10.95; 4.07; 2.75; 120.02
30622; 0.41; -0.51; -10.98; 4.33; 2.87; 119.99
30649; 0.43; -0.45; -11.01; 4.39; 2.56; 119.38
30675; 0.4; -0.48; -10.98; 4.18; 2.62; 119.95
30702; 0.47; -0.5; -11.01; 4.19; 2.42; 120.22
30729; 0.4; -0.5; -10.93; 4.23; 2.39; 119.49
30755; 0.47; -0.47; -10.93; 4.35; 2.39; 119.66
30782; 0.38; -0.5; -10.86; 4.29; 2.7; 120.37
30815; 0.48; -0.49; -10.94; 4.33; 2.62; 120.08
30841; 0.43; -0.46; -10.94; 4.2; 2.58; 119.93
30868; 0.4; -0.43; -10.9; 4.37; 2.53; 119.85
30894; 0.41; -0.46; -10.86; 4.48; 2.71; 119.87
30920; 0.47; -0.48; -10.94; 4.13; 2.58; 119.73
30947; 0.48; -0.45; -10.91; 4.42; 2.79; 119.73
30973; 0.41; -0.43; -10.94; 4.23; 2.55; 120.27
31000; 0.41; -0.54; -10.95; 4.48; 2.63; 119.32
31027; 0.46; -0.5; -10.91; 4.46; 2.62; 119.94
31053; 0.46; -0.47; -10.9; 4.37; 2.76; 120.21
31079; 0.4; -0.43; -10.96; 4.28; 2.5; 119.47
31106; 0.39; -0.5; -10.95; 4.44; 2.69; 119.98
31138; 0.45; -0.47; -10.96; 4.28; 2.3; 119.74
31165; 0.42; -0.52; -10.9; 4.3; 2.67; 120.02
31192; 0.46; -0.5; -10.93; 4.49; 2.61; 119.61
31218; 0.42; -0.47; -10.94; 4.37; 2.68; 119.85
31244; 0.4; -0.5; -11.0; 4.34; 2.79; 120.02
31270; 0.4; -0.48; -10.99; 4.4; 2.56; 119.42
31297; 0.38; -0.46; -10.95; 4.42; 2.67; 119.79
31324; 0.35; -0.41; -10.97; 4.25; 2.54; 120.09
31350; 0.46; -0.51; -10.98; 4.13; 2.59; 119.5
31377; 0.4; -0.48; -10.99; 4.23; 2.62; 120.27
31404; 0.4; -0.51; -10.93; 4.36; 2.8; 119.83
31429; 0.38; -0.53; -10.93; 4.49; 2.68; 119.38
31462; 0.46; -0.48; -10.93; 4.34; 2.6; 119.61
31489; 0.37; -0.46; -10.98; 4.3; 2.56; 119.9
31515; 0.38; -0.45; -10.96; 4.31; 2.91; 119.85
31542; 0.51; -0.44; -10.93; 4.47; 2.75; 119.59
31567; 0.4; -0.51; -11.04; 4.25; 2.67; 119.96
31594; 0.42; -0.46; -11.0; 4.14; 2.57; 119.83
31621; 0.36; -0.47; -10.92; 4.27; 2.63; 119.64
31647; 0.43; -0.47; -11.02; 4.36; 2.73; 120.06
31674; 0.41; -0.42; -10.95; 4.29; 2.57; 119.35
31700; 0.4; -0.45; -10.93; 4.36; 2.66; 119.73
31726; 0.41; -0.42; -10.85; 4.14; 2.85; 120.16
31753; 0.49; -0.48; -10.95; 4.43; 2.57; 119.42
31785; 0.44; -0.52; -10.91; 4.43; 2.65; 119.82
31812; 0.38; -0.43; -10.94; 4.3; 2.67; 119.53
31839; 0.42; -0.48; -10.82; 4.48; 2.59; 120.09
31865; 0.48; -0.48; -10.91; 4.27; 2.69; 120.05
31892; 0.36; -0.43; -10.99; 3.96; 2.71; 119.71
31919; 0.34; -0.49; -10.96; 4.01; 2.56; 120.04
31945; 0.43; -0.49; -10.92; 4.23; 2.62; 120.03
31972; 0.41; -0.45; -10.9; 4.52; 2.42; 119.49
31998; 0.47; -0.45; -10.99; 4.11; 2.53; 120.04
32025; 0.47; -0.46; -10.93; 4.23; 2.49; 120.24
32052; 0.45; -0.55; -10.94; 4.36; 2.66; 119.58
32078; 0.45; -0.52; -10.97; 4.18; 2.35; 119.64
32111; 0.42; -0.47; -10.97; 4.27; 2.62; 119.8
32138; 0.43; -0.49; -10.93; 4.17; 2.57; 120.07
32163; 0.51; -0.52; -10.95; 4.28; 2.43; 119.6
32190; 0.35; -0.43; -10.96; 4.22; 2.5; 119.79
32217; 0.4; -0.47; -10.92; 4.3; 2.59; 120.33
32243; 0.44; -0.48; -10.98; 4.44; 2.56; 119.54
32270; 0.4; -0.49; -10.88; 4.32; 2.58; 120.06
32296; 0.41; -0.47; -10.85; 4.25; 2.47; 120.16
32322; 0.41; -0.42; -10.9; 4.46; 2.63; 119.51
32349; 0.38; -0.45; -10.93; 4.26; 2.62; 120.12
32375; 0.42; -0.45; -10.91; 4.25; 2.75; 119.91
32402; 0.51; -0.52; -10.98; 4.33; 2.48; 119.48
32435; 0.38; -0.39; -11.01; 4.34; 2.89; 119.45
32460; 0.4; -0.47; -10.87; 4.43; 2.44; 120.07
32487; 0.41; -0.47; -10.97; 4.2; 2.56; 119.77
32514; 0.37; -0.47; -10.92; 4.15; 2.66; 119.37
32540; 0.42; -0.5; -10.99; 4.23; 2.56; 120.15
32567; 0.44; -0.48; -10.97; 4.31; 2.63; 119.77
32593; 0.4; -0.43; -10.93; 4.33; 2.66; 119.45
32619; 0.47; -0.45; -10.95; 4.03; 2.7; 120.24
32646; 0.45; -0.46; -10.83; 4.42; 2.75; 119.79
32672; 0.45; -0.49; -10.88; 4.35; 2.69; 119.76
32699; 0.43; -0.37; -10.96; 4.26; 2.74; 120.25
32726; 0.43; -0.44; -10.9; 4.39; 2.53; 119.55
32757; 0.43; -0.46; -10.92; 4.26; 2.41; 119.52
32784; 0.47; -0.41; -10.91; 4.21; 2.61; 119.77
32811; 0.46; -0.46; -10.96; 4.15; 2.81; 120.22
32837; 0.41; -0.5; -10.89; 4.39; 2.52; 119.39
32864; 0.41; -0.45; -10.86; 4.2; 2.82; 119.91
32889; 0.42; -0.44; -10.91; 4.3; 2.52; 120.0
32916; 0.46; -0.45; -10.85; 4.3; 2.61; 119.43
32943; 0.48; -0.44; -10.93; 4.36; 2.67; 120.08
32969; 0.44; -0.45; -11.03; 4.46; 2.75; 119.61
32996; 0.46; -0.48; -11.01; 4.14; 2.7; 119.46
33021; 0.44; -0.46; -10.93; 4.23; 2.67; 119.94
33048; 0.5; -0.41; -10.96; 4.19; 2.7; 119.65
33081; 0.48; -0.51; -10.91; 4.08; 2.61; 119.74
33107; 0.4; -0.46; -10.91; 4.45; 2.58; 119.67
33134; 0.45; -0.52; -10.89; 4.17; 2.64; 119.95
33161; 0.47; -0.44; -10.9; 4.21; 2.44; 119.83
33187; 0.41; -0.42; -10.92; 4.47; 2.56; 119.55
33214; 0.45; -0.46; -11.03; 4.39; 2.58; 119.96
33241; 0.43; -0.48; -10.9; 4.04; 2.56; 119.88
33283; 0.52; -0.51; -10.93; 4.33; 2.62; 119.74
33309; 0.42; -0.4; -10.99; 4.24; 2.73; 120.22
33336; 0.44; -0.43; -10.92; 4.29; 2.53; 119.75
33362; 0.38; -0.46; -10.96; 4.31; 2.45; 119.8
33395; 0.39; -0.44; -10.92; 4.46; 2.75; 119.47
33421; 0.45; -0.46; -10.88; 4.46; 2.5; 119.93
33447; 0.44; -0.45; -10.87; 4.12; 2.45; 120.01
33484; 0.42; -0.5; -10.92; 4.2; 2.66; 120.19
33511; 0.44; -0.4; -10.84; 4.17; 2.48; 119.46
33538; 0.35; -0.5; -10.93; 4.48; 2.69; 119.75
33563; 0.46; -0.36; -11.0; 4.26; 2.66; 120.21
33590; 0.45; -0.49; -10.89; 4.24; 2.52; 119.27
33616; 0.46; -0.51; -10.86; 4.07; 2.79; 120.21
33643; 0.44; -0.42; -10.98; 4.43; 2.67; 119.59
33670; 0.4; -0.42; -10.93; 4.34; 2.62; 119.51
33695; 0.48; -0.48; -10.94; 4.5; 2.6; 120.35
33728; 0.47; -0.49; -10.89; 4.1; 2.4; 120.05
33755; 0.47; -0.44; -10.89; 4.26; 2.84; 119.74
33781; 0.44; -0.54; -10.85; 4.34; 2.53; 119.63
33807; 0.46; -0.51; -10.93; 4.31; 2.57; 120.12
33833; 0.38; -0.43; -10.89; 4.41; 2.7; 119.74
33860; 0.41; -0.48; -10.91; 4.23; 2.82; 119.96
33887; 0.43; -0.51; -10.98; 4.34; 2.57; 120.16
33913; 0.45; -0.41; -10.93; 4.2; 2.72; 119.51
33939; 0.44; -0.52; -10.96; 4.23; 2.39; 120.09
33966; 0.42; -0.44; -10.98; 4.39; 2.65; 120.05
33992; 0.38; -0.46; -10.97; 4.1; 2.54; 119.37
34019; 0.49; -0.46; -10.95; 4.33; 2.55; 120.04
34051; 0.4; -0.49; -10.96; 4.31; 2.66; 120.22
34077; 0.44; -0.51; -10.94; 4.39; 2.49; 119.89
34104; 0.46; -0.44; -10.91; 4.4; 2.75; 119.58
34130; 0.49; -0.46; -10.9; 4.35; 2.71; 120.3
34156; 0.42; -0.52; -10.92; 4.23; 2.6; 119.61
34183; 0.49; -0.47; -10.99; 4.22; 2.68; 119.79
34209; 0.38; -0.55; -10.97; 4.23; 2.62; 120.25
34236; 0.46; -0.45; -10.96; 4.36; 2.72; 119.42
34263; 0.43; -0.49; -10.88; 4.39; 2.66; 119.73
34288; 0.43; -0.46; -10.98; 4.07; 2.54; 120.24
34315; 0.47; -0.48; -10.9; 4.33; 2.69; 119.57
34341; 0.42; -0.53; -10.93; 4.32; 2.64; 120.03
34374; 0.46; -0.45; -10.85; 4.36; 2.95; 120.09
34401; 0.41; -0.45; -10.98; 4.47; 2.75; 120.0
34426; 0.44; -0.48; -10.93; 4.4; 2.6; 119.4
34453; 0.47; -0.45; -10.9; 4.26; 2.83; 119.97
34480; 0.4; -0.47; -10.91; 4.33; 2.82; 119.96
34506; 0.4; -0.45; -11.0; 4.23; 2.87; 119.34
34533; 0.44; -0.46; -10.89; 4.4; 2.5; 120.05
34560; 0.4; -0.47; -11.02; 4.37; 2.65; 119.96
34586; 0.41; -0.44; -10.99; 4.15; 2.49; 119.26
34613; 0.41; -0.46; -10.96; 4.42; 2.59; 119.95
34639; 0.41; -0.48; -11.0; 4.46; 2.55; 120.03
34666; 0.41; -0.48; -10.89; 4.28; 2.68; 119.5
34699; 0.45; -0.49; -10.96; 4.31; 2.56; 119.9
34725; 0.44; -0.47; -10.98; 4.31; 2.44; 119.74
34751; 0.41; -0.52; -10.84; 4.49; 2.73; 120.21
34778; 0.4; -0.46; -10.88; 4.14; 2.53; 119.66
34804; 0.4; -0.43; -10.88; 4.44; 2.71; 119.91
34831; 0.39; -0.44; -11.02; 4.28; 2.48; 119.79
34856; 0.46; -0.43; -10.92; 4.37; 2.5; 119.58
34883; 0.47; -0.42; -10.96; 4.23; 2.57; 120.32
34910; 0.43; -0.41; -11.03; 4.36; 2.64; 119.53
34936; 0.43; -0.48; -10.98; 4.23; 2.4; 119.96
34962; 0.46; -0.43; -10.82; 4.25; 2.49; 120.07
34989; 0.39; -0.46; -10.97; 4.34; 2.59; 119.34
35021; 0.48; -0.4; -10.95; 4.41; 2.52; 119.74
35047; 0.45; -0.49; -10.99; 4.47; 2.7; 119.78
35074; 0.42; -0.48; -10.94; 4.23; 2.72; 120.0
35100; 0.43; -0.41; -10.93; 4.46; 2.81; 119.51
35127; 0.43; -0.49; -10.92; 4.26; 2.82; 120.1
35153; 0.42; -0.44; -10.97; 4.15; 2.46; 119.8
35179; 0.36; -0.52; -10.98; 4.3; 2.59; 119.61
35206; 0.38; -0.48; -10.94; 4.33; 2.62; 120.35
35232; 0.42; -0.43; -10.89; 4.48; 2.49; 119.64
35259; 0.43; -0.46; -10.99; 4.28; 2.61; 119.9
35284; 0.37; -0.47; -10.91; 4.14; 2.69; 120.1
35311; 0.37; -0.43; -10.96; 4.23; 2.54; 119.58
35353; 0.42; -0.4; -10.85; 4.28; 2.55; 120.22
35380; 0.46; -0.42; -10.99; 4.29; 2.67; 119.8
35406; 0.41; -0.46; -10.9; 4.2; 2.55; 119.78
35433; 0.43; -0.46; -10.88; 4.17; 2.64; 120.09
35459; 0.41; -0.44; -10.99; 4.46; 2.6; 119.55
35485; 0.45; -0.5; -10.99; 4.22; 2.48; 120.19
35512; 0.42; -0.39; -11.0; 4.31; 2.74; 119.71
35538; 0.46; -0.45; -10.88; 4.29; 2.52; 119.83
35564; 0.4; -0.45; -11.03; 4.39; 2.54; 120.11
35591; 0.4; -0.42; -10.91; 4.23; 2.75; 119.44
35617; 0.51; -0.46; -10.82; 4.38; 2.69; 120.19
35644; 0.38; -0.46; -10.92; 4.32; 2.46; 119.83
35676; 0.4; -0.47; -10.89; 4.43; 2.65; 119.83
35702; 0.44; -0.46; -10.98; 4.26; 2.65; 119.68
35729; 0.4; -0.46; -10.87; 4.22; 2.54; 119.61
35757; 0.39; -0.43; -10.99; 4.14; 2.68; 120.0
35783; 0.4; -0.49; -10.84; 4.26; 2.6; 119.8
35810; 0.49; -0.49; -10.94; 4.59; 2.56; 119.42
35836; 0.4; -0.45; -10.93; 4.32; 2.62; 119.67
35863; 0.4; -0.42; -10.93; 4.11; 2.74; 120.22
35890; 0.43; -0.4; -10.97; 4.2; 2.57; 119.63
35917; 0.45; -0.48; -10.88; 4.36; 2.74; 119.32
35944; 0.4; -0.44; -10.95; 4.17; 2.76; 120.2
35971; 0.37; -0.43; -10.98; 4.17; 2.69; 120.07
36003; 0.44; -0.41; -10.89; 4.47; 2.87; 120.04
36030; 0.38; -0.48; -10.95; 4.3; 2.85; 119.71
36057; 0.4; -0.4; -10.98; 4.21; 2.56; 119.54
36083; 0.43; -0.39; -11.05; 4.15; 2.85; 120.12
36110; 0.42; -0.42; -11.0; 4.4; 2.66; 120.03
36136; 0.43; -0.45; -10.89; 4.27; 2.67; 119.61
36163; 0.44; -0.5; -10.98; 4.08; 2.63; 120.03
36190; 0.45; -0.49; -10.87; 4.23; 2.61; 119.77
36216; 0.46; -0.46; -10.94; 4.2; 2.36; 119.65
36243; 0.41; -0.45; -10.86; 4.17; 2.7; 119.98
36270; 0.5; -0.49; -10.87; 4.3; 2.66; 119.77
36295; 0.43; -0.39; -10.9; 4.3; 2.62; 119.64
36328; 0.4; -0.42; -11.0; 4.36; 2.8; 119.45
36370; 0.43; -0.46; -10.93; 4.34; 2.46; 120.09
36397; 0.43; -0.4; -10.99; 4.26; 2.72; 119.87
36423; 0.38; -0.44; -10.96; 4.14; 2.71; 119.35
36450; 0.45; -0.48; -10.98; 4.16; 2.75; 120.07
36476; 0.5; -0.38; -10.92; 4.59; 2.38; 120.01
36503; 0.47; -0.46; -10.99; 4.22; 2.66; 119.55
36530; 0.38; -0.46; -10.95; 4.23; 2.68; 119.89
36556; 0.44; -0.45; -10.92; 4.34; 2.45; 119.99
36583; 0.42; -0.47; -10.95; 4.23; 2.43; 119.42
36610; 0.38; -0.47; -10.97; 4.22; 2.76; 119.85
36636; 0.41; -0.43; -10.92; 4.39; 2.61; 120.29
36669; 0.46; -0.47; -10.84; 4.2; 2.52; 120.06
36696; 0.43; -0.5; -10.88; 4.21; 2.52; 119.96
36722; 0.4; -0.45; -10.88; 4.36; 2.69; 119.74
36758; 0.45; -0.52; -11.0; 4.23; 2.67; 119.61
36786; 0.46; -0.42; -10.94; 4.4; 2.63; 120.05
36811; 0.46; -0.48; -10.88; 4.27; 2.57; 120.12
36838; 0.51; -0.44; -10.94; 4.2; 2.51; 119.48
36865; 0.46; -0.47; -10.94; 4.14; 2.55; 120.05
36891; 0.47; -0.46; -10.95; 4.16; 2.66; 120.18
36918; 0.47; -0.46; -10.99; 4.43; 2.58; 119.51
36944; 0.44; -0.42; -10.96; 4.23; 2.57; 119.88
36977; 0.5; -0.46; -10.88; 4.41; 2.46; 119.62
37004; 0.44; -0.48; -10.99; 4.2; 2.75; 120.06
37030; 0.43; -0.39; -10.95; 4.4; 2.8; 120.06
37057; 0.42; -0.46; -10.95; 4.24; 2.59; 119.67
37084; 0.44; -0.43; -10.92; 4.53; 2.65; 119.79
37111; 0.43; -0.47; -11.01; 4.07; 2.5; 120.22
37138; 0.46; -0.46; -10.91; 4.3; 2.49; 119.71
37165; 0.49; -0.49; -10.92; 4.13; 2.82; 119.47
37191; 0.37; -0.43; -10.94; 4.44; 2.58; 120.19
37218; 0.42; -0.5; -10.92; 4.23; 2.6; 119.87
37244; 0.4; -0.52; -10.86; 4.29; 2.7; 119.32
37271; 0.41; -0.52; -10.89; 4.43; 2.84; 119.86
37304; 0.39; -0.46; -11.0; 4.26; 2.49; 119.66
37330; 0.38; -0.47; -10.93; 4.23; 2.66; 119.92
37357; 0.4; -0.48; -10.93; 4.22; 2.57; 119.93
37384; 0.44; -0.45; -10.89; 4.32; 2.78; 119.8
37410; 0.42; -0.49; -10.89; 4.39; 2.62; 119.89
37437; 0.44; -0.44; -10.94; 4.44; 2.57; 119.82
37464; 0.45; -0.47; -10.94; 4.16; 2.56; 119.57
37490; 0.47; -0.44; -10.89; 4.24; 2.53; 119.96
37517; 0.5; -0.49; -10.98; 4.24; 2.69; 119.86
37543; 0.46; -0.49; -10.95; 4.3; 2.37; 119.63
37570; 0.45; -0.44; -10.96; 4.36; 2.63; 120.09
37596; 0.33; -0.44; -10.95; 4.28; 2.32; 119.93
37628; 0.41; -0.5; -10.9; 4.35; 2.4; 120.22
37655; 0.46; -0.5; -10.92; 4.3; 2.48; 119.36
37682; 0.44; -0.46; -10.96; 4.3; 2.8; 119.83
37708; 0.4; -0.47; -11.01; 4.23; 2.4; 120.28
37735; 0.36; -0.46; -10.91; 4.53; 2.52; 119.51
37762; 0.39; -0.45; -11.0; 4.33; 2.49; 119.64
37788; 0.49; -0.46; -10.84; 4.43; 2.63; 120.2
37815; 0.42; -0.42; -10.93; 4.2; 2.66; 119.64
37841; 0.41; -0.44; -10.92; 4.36; 2.58; 119.83
37868; 0.42; -0.5; -10.94; 4.29; 2.69; 120.01
37895; 0.4; -0.46; -10.99; 4.19; 2.46; 119.6
37921; 0.45; -0.5; -10.92; 4.26; 2.78; 119.77
37953; 0.4; -0.49; -10.89; 4.45; 2.81; 119.61
37980; 0.4; -0.44; -10.95; 4.22; 2.57; 120.01
38006; 0.42; -0.43; -10.96; 4.43; 2.91; 119.67
38033; 0.35; -0.48; -10.94; 4.23; 2.68; 119.8
38060; 0.39; -0.46; -10.87; 4.36; 2.91; 120.09
38086; 0.39; -0.45; -10.92; 4.36; 2.77; 119.54
38113; 0.44; -0.44; -10.87; 4.2; 2.41; 119.68
38139; 0.41; -0.49; -10.92; 4.18; 2.64; 120.26
38166; 0.4; -0.42; -10.94; 4.11; 2.37; 119.51
38193; 0.44; -0.39; -10.95; 4.18; 2.62; 119.82
38219; 0.43; -0.49; -10.94; 4.43; 2.54; 120.27
38246; 0.39; -0.46; -10.95; 4.5; 2.42; 119.61
38278; 0.42; -0.51; -10.97; 4.32; 2.46; 120.03
38304; 0.39; -0.42; -10.97; 4.4; 2.61; 119.52
38331; 0.42; -0.51; -10.95; 4.14; 2.76; 119.87
38358; 0.41; -0.46; -11.01; 4.43; 2.73; 120.2
38385; 0.39; -0.47; -10.93; 4.34; 2.82; 119.76
38412; 0.52; -0.49; -10.92; 4.44; 2.62; 119.54
38438; 0.43; -0.44; -10.94; 4.37; 2.62; 120.33
38465; 0.44; -0.42; -10.92; 4.22; 2.69; 119.86
38492; 0.47; -0.41; -10.99; 4.17; 2.49; 119.55
38518; 0.46; -0.44; -10.87; 4.42; 2.49; 120.0
38545; 0.42; -0.47; -10.91; 4.25; 2.75; 120.12
38572; 0.4; -0.54; -10.96; 4.3; 2.5; 119.42
38604; 0.41; -0.45; -11.02; 4.12; 2.68; 119.86
38631; 0.46; -0.5; -10.94; 4.2; 2.56; 119.68
38658; 0.39; -0.49; -10.96; 4.44; 2.66; 119.83
38684; 0.43; -0.47; -10.89; 4.2; 2.59; 119.67
38711; 0.44; -0.5; -10.93; 4.43; 2.44; 119.61
38737; 0.52; -0.5; -10.97; 4.3; 2.72; 120.2
38764; 0.45; -0.41; -10.99; 4.15; 2.61; 119.57
38790; 0.41; -0.48; -10.89; 4.3; 2.58; 119.8
38816; 0.46; -0.44; -10.93; 4.39; 2.58; 120.22
38843; 0.39; -0.42; -10.99; 4.42; 2.62; 119.37
38870; 0.41; -0.48; -10.95; 4.27; 2.72; 119.92
38896; 0.44; -0.45; -10.92; 4.26; 2.93; 120.08
38929; 0.45; -0.37; -10.89; 4.39; 2.5; 119.94
38956; 0.42; -0.45; -10.91; 4.18; 2.74; 120.12
38982; 0.4; -0.45; -11.0; 4.22; 2.82; 119.64
39009; 0.43; -0.42; -10.91; 4.17; 2.65; 119.78
39035; 0.42; -0.45; -10.97; 4.3; 2.77; 119.96
39061; 0.4; -0.44; -10.91; 4.19; 2.43; 119.38
39088; 0.43; -0.54; -10.99; 4.27; 2.61; 119.87
39114; 0.4; -0.43; -10.91; 4.27; 2.69; 119.87
39141; 0.38; -0.44; -11.03; 4.59; 2.74; 119.59
39168; 0.46; -0.44; -10.95; 4.23; 2.62; 120.11
39194; 0.45; -0.49; -10.84; 4.36; 2.73; 119.82
39221; 0.39; -0.41; -10.9; 4.32; 2.85; 119.52
39254; 0.43; -0.49; -10.96; 4.31; 2.68; 119.5
39280; 0.41; -0.46; -10.98; 4.36; 2.71; 119.97
39306; 0.43; -0.42; -10.93; 4.45; 2.75; 120.11
39332; 0.45; -0.4; -10.97; 4.41; 2.57; 119.51
39359; 0.41; -0.46; -11.0; 4.49; 2.85; 120.04
39386; 0.46; -0.45; -10.86; 4.25; 2.63; 119.95
39412; 0.45; -0.42; -10.88; 4.34; 2.6; 119.35
39454; 0.45; -0.48; -10.99; 4.3; 2.37; 120.31
39481; 0.46; -0.39; -10.96; 4.23; 2.53; 119.72
39507; 0.44; -0.45; -10.97; 4.46; 2.48; 119.58
39534; 0.45; -0.48; -10.94; 4.27; 2.6; 120.16
39561; 0.47; -0.49; -10.95; 4.2; 2.69; 119.47
39593; 0.48; -0.46; -10.93; 4.25; 2.5; 119.92
39620; 0.46; -0.49; -10.89; 4.1; 2.4; 119.75
39647; 0.4; -0.47; -10.92; 4.12; 2.71; 119.96
39673; 0.49; -0.49; -10.89; 4.41; 2.62; 119.88
39700; 0.47; -0.45; -10.97; 4.34; 2.53; 119.79
39727; 0.41; -0.44; -10.86; 4.39; 2.74; 119.73
39753; 0.47; -0.44; -10.96; 4.39; 2.69; 120.05
39780; 0.37; -0.38; -10.97; 4.38; 2.51; 119.9
39806; 0.49; -0.41; -10.98; 4.44; 2.67; 119.6
39833; 0.47; -0.46; -11.01; 4.29; 2.71; 120.07
39860; 0.49; -0.42; -10.94; 4.36; 2.56; 120.08
39886; 0.49; -0.47; -10.98; 4.39; 2.62; 119.37
39919; 0.39; -0.48; -11.0; 4.43; 2.43; 119.58
39946; 0.46; -0.47; -10.98; 4.41; 2.72; 119.86
39972; 0.4; -0.48; -10.88; 4.23; 2.65; 120.1
39999; 0.45; -0.51; -10.95; 4.27; 2.66; 119.56
40035; 0.46; -0.49; -10.98; 4.23; 2.89; 120.25
40061; 0.46; -0.48; -10.96; 4.23; 2.39; 119.51
40088; 0.45; -0.48; -10.93; 4.41; 2.69; 119.79
40115; 0.55; -0.48; -10.89; 4.43; 2.56; 119.99
40141; 0.34; -0.42; -10.98; 4.37; 2.53; 119.43
40168; 0.44; -0.39; -10.86; 4.34; 2.61; 119.99
40195; 0.39; -0.5; -11.05; 4.23; 2.72; 119.96
40221; 0.46; -0.47; -10.95; 4.17; 2.48; 119.74
40253; 0.47; -0.43; -10.86; 4.15; 2.69; 119.5
40280; 0.49; -0.49; -10.94; 4.17; 2.63; 119.88
40306; 0.43; -0.51; -11.0; 4.34; 2.76; 120.03
40333; 0.4; -0.44; -10.94; 4.39; 2.59; 119.29
40359; 0.42; -0.46; -10.93; 4.35; 2.52; 120.0
40386; 0.5; -0.47; -10.96; 4.22; 2.74; 119.94
40413; 0.45; -0.48; -11.04; 4.34; 2.42; 119.52
40439; 0.44; -0.44; -10.94; 4.24; 2.65; 119.97
40466; 0.39; -0.46; -10.95; 4.32; 2.38; 119.81
40492; 0.42; -0.49; -10.89; 4.33; 2.73; 119.35
40518; 0.39; -0.5; -10.89; 4.14; 2.67; 120.06
40551; 0.39; -0.43; -10.93; 4.28; 2.66; 120.06
40578; 0.43; -0.46; -10.94; 4.21; 2.79; 119.67
40604; 0.5; -0.44; -10.84; 4.26; 2.64; 119.32
40631; 0.46; -0.5; -10.84; 4.43; 2.61; 120.25
40657; 0.4; -0.49; -10.93; 4.44; 2.55; 119.8
40683; 0.42; -0.4; -10.91; 4.17; 2.49; 119.32
40710; 0.46; -0.49; -10.94; 4.1; 2.69; 120.07
40736; 0.44; -0.47; -11.02; 4.19; 2.69; 119.82
40763; 0.36; -0.45; -10.92; 4.52; 2.46; 119.53
40790; 0.45; -0.47; -10.93; 4.43; 2.62; 120.14
40816; 0.42; -0.44; -10.89; 4.29; 2.56; 119.58
40843; 0.37; -0.52; -10.99; 4.36; 2.63; 119.64
40875; 0.47; -0.45; -11.01; 4.2; 2.5; 119.61
40901; 0.44; -0.49; -10.93; 4.19; 2.62; 120.07
40928; 0.46; -0.47; -10.89; 4.24; 2.47; 120.0
40954; 0.47; -0.44; -10.87; 4.36; 2.75; 119.56
40981; 0.39; -0.44; -10.94; 4.29; 2.46; 119.83
41009; 0.41; -0.46; -11.04; 4.14; 2.56; 119.83
41035; 0.43; -0.44; -10.91; 4.49; 2.43; 119.64
41062; 0.42; -0.41; -10.95; 4.08; 2.53; 119.77
41089; 0.44; -0.45; -10.95; 4.31; 2.59; 120.25
41115; 0.46; -0.49; -10.91; 4.3; 2.49; 119.77
41142; 0.47; -0.5; -10.99; 4.27; 2.71; 119.51
41168; 0.33; -0.46; -10.89; 4.2; 2.46; 119.79
41201; 0.46; -0.46; -10.88; 4.21; 2.69; 120.18
41228; 0.49; -0.45; -10.97; 4.26; 2.83; 120.09
41253; 0.47; -0.47; -10.92; 4.26; 2.49; 119.55
41280; 0.45; -0.5; -10.92; 4.36; 2.64; 119.99
41307; 0.43; -0.47; -10.9; 4.37; 2.73; 119.93
41333; 0.43; -0.44; -11.0; 4.16; 2.66; 119.27
41360; 0.43; -0.42; -10.96; 4.3; 2.59; 120.1
41387; 0.4; -0.49; -10.92; 4.33; 2.84; 119.91
41413; 0.5; -0.45; -10.85; 4.2; 2.3; 119.46
41439; 0.41; -0.45; -10.91; 4.15; 2.43; 120.08
41465; 0.36; -0.45; -10.95; 4.61; 2.61; 119.93
41492; 0.47; -0.45; -11.0; 4.27; 2.63; 119.74
41525; 0.43; -0.44; -10.93; 4.29; 2.69; 119.81
41551; 0.48; -0.46; -10.95; 4.44; 2.59; 120.04
41578; 0.46; -0.51; -10.99; 4.14; 2.74; 119.82
41604; 0.43; -0.47; -10.89; 4.18; 2.58; 119.54
41630; 0.47; -0.46; -10.92; 4.17; 2.56; 120.25
41657; 0.42; -0.46; -10.97; 4.23; 2.43; 119.71
41683; 0.46; -0.43; -10.99; 4.12; 2.52; 119.54
41710; 0.53; -0.43; -10.87; 4.35; 2.65; 120.27
41737; 0.4; -0.46; -10.95; 4.31; 2.67; 119.74
41763; 0.45; -0.44; -10.89; 4.2; 2.7; 119.62
41790; 0.42; -0.4; -10.9; 4.27; 2.34; 120.37
41816; 0.44; -0.49; -11.01; 4.32; 2.73; 119.45
41848; 0.42; -0.48; -10.94; 4.12; 2.58; 119.45
41875; 0.46; -0.48; -10.98; 4.26; 2.58; 119.83
41902; 0.43; -0.48; -10.9; 4.46; 2.72; 120.07
41928; 0.42; -0.44; -10.94; 4.29; 2.75; 119.77
41954; 0.41; -0.41; -11.03; 4.17; 2.82; 119.9
41980; 0.42; -0.46; -10.9; 4.33; 2.53; 120.19
42007; 0.43; -0.43; -10.97; 4.24; 2.68; 119.33
42034; 0.4; -0.43; -11.0; 4.23; 2.72; 119.94
42060; 0.37; -0.44; -11.01; 4.32; 2.67; 120.08
42087; 0.46; -0.47; -10.95; 4.22; 2.4; 119.37
42114; 0.45; -0.47; -10.99; 4.19; 2.56; 120.06
42139; 0.43; -0.47; -10.97; 4.26; 2.59; 119.96
42172; 0.34; -0.46; -10.89; 4.42; 2.53; 120.12
42199; 0.41; -0.47; -10.86; 4.33; 2.78; 119.58
42225; 0.43; -0.55; -10.89; 4.38; 2.61; 119.76
42252; 0.45; -0.42; -10.98; 4.23; 2.75; 120.0
42278; 0.46; -0.44; -11.0; 4.2; 2.51; 119.71
42305; 0.43; -0.48; -10.96; 4.39; 2.71; 119.8
42332; 0.41; -0.49; -11.01; 4.21; 2.49; 120.07
42358; 0.43; -0.46; -10.93; 4.27; 2.43; 119.71
42385; 0.5; -0.45; -10.91; 4.08; 2.41; 119.58
42412; 0.44; -0.41; -11.0; 4.22; 2.55; 119.88
42438; 0.47; -0.44; -10.93; 4.28; 2.65; 119.74
42465; 0.4; -0.41; -10.93; 4.35; 2.66; 119.68
42498; 0.48; -0.48; -10.97; 4.17; 2.44; 119.63
42540; 0.46; -0.4; -10.92; 4.22; 2.43; 120.12
42566; 0.45; -0.49; -10.9; 4.38; 2.63; 119.81
42593; 0.49; -0.48; -10.78; 4.39; 2.41; 119.63
42618; 0.45; -0.45; -10.91; 4.43; 2.73; 120.32
42645; 0.45; -0.44; -10.92; 4.43; 2.72; 119.58
42672; 0.41; -0.47; -10.99; 4.27; 2.42; 119.57
42698; 0.45; -0.41; -10.88; 4.29; 2.9; 120.32
42725; 0.45; -0.39; -10.91; 4.22; 2.5; 119.46
42752; 0.42; -0.43; -10.97; 4.3; 2.69; 119.78
42777; 0.46; -0.49; -10.86; 4.37; 2.76; 120.19
42804; 0.4; -0.53; -11.05; 4.07; 2.74; 119.58
42836; 0.43; -0.47; -10.87; 4.08; 2.67; 119.54
42863; 0.44; -0.45; -10.98; 4.29; 2.82; 119.88
42890; 0.44; -0.47; -10.88; 4.39; 2.49; 120.12
42915; 0.45; -0.45; -11.07; 4.14; 2.69; 119.48
42942; 0.52; -0.46; -10.95; 4.26; 2.59; 119.87
42969; 0.45; -0.45; -10.88; 4.26; 2.52; 119.98
42995; 0.45; -0.46; -10.94; 4.23; 2.57; 119.47
43022; 0.4; -0.48; -10.85; 4.31; 2.56; 120.0
43048; 0.49; -0.48; -10.87; 4.22; 2.66; 119.89
43074; 0.48; -0.44; -10.94; 4.18; 2.59; 119.32
43101; 0.46; -0.5; -10.97; 4.23; 2.66; 120.03
43127; 0.42; -0.47; -10.94; 4.49; 2.64; 119.68
43170; 0.38; -0.51; -10.91; 4.45; 2.39; 119.32
43197; 0.43; -0.46; -10.87; 4.23; 2.57; 120.06
43224; 0.36; -0.46; -10.95; 4.22; 2.67; 119.95
43250; 0.43; -0.48; -10.97; 4.29; 2.78; 119.35
43286; 0.46; -0.45; -11.02; 4.32; 2.42; 119.57
43313; 0.44; -0.43; -10.89; 4.2; 2.86; 119.82
43339; 0.42; -0.48; -10.93; 4.31; 2.73; 119.93
43366; 0.45; -0.44; -10.93; 4.31; 2.57; 119.58
43393; 0.43; -0.51; -10.85; 4.26; 2.71; 119.93
43419; 0.43; -0.52; -10.92; 4.52; 2.62; 119.74
43446; 0.46; -0.46; -10.92; 4.32; 2.37; 119.75
43471; 0.36; -0.49; -10.95; 4.21; 2.61; 120.2
43504; 0.4; -0.49; -10.89; 4.3; 2.49; 119.75
43531; 0.35; -0.44; -10.99; 4.18; 2.66; 120.02
43557; 0.5; -0.53; -10.96; 4.3; 2.53; 119.57
43584; 0.35; -0.42; -10.99; 4.36; 2.78; 119.68
43611; 0.4; -0.46; -10.93; 4.41; 2.75; 120.05
43637; 0.38; -0.43; -10.96; 4.25; 2.67; 119.54
43664; 0.46; -0.45; -10.95; 4.52; 2.43; 119.56
43691; 0.44; -0.46; -10.96; 4.43; 2.44; 120.23
43717; 0.46; -0.48; -11.02; 4.26; 2.52; 119.65
43744; 0.45; -0.45; -10.97; 4.22; 2.62; 119.64
43770; 0.42; -0.45; -10.93; 4.49; 2.68; 120.29
43797; 0.42; -0.48; -10.99; 4.27; 2.71; 119.83
43822; 0.45; -0.47; -10.89; 4.21; 2.63; 120.02
43848; 0.47; -0.47; -10.95; 4.44; 2.64; 119.5
43875; 0.43; -0.52; -10.91; 4.38; 2.57; 120.17
43901; 0.49; -0.4; -10.93; 4.28; 2.62; 119.91
43928; 0.45; -0.5; -10.92; 4.29; 2.68; 119.46
43954; 0.4; -0.51; -10.92; 4.27; 2.65; 120.0
43980; 0.42; -0.44; -10.93; 4.23; 2.67; 119.77
44007; 0.44; -0.51; -10.92; 4.25; 2.61; 119.58
44034; 0.41; -0.46; -10.99; 4.39; 2.66; 120.29
44060; 0.41; -0.46; -11.0; 4.38; 2.69; 119.61
44086; 0.45; -0.45; -10.84; 4.22; 2.52; 119.86
44119; 0.49; -0.48; -10.93; 4.42; 2.78; 119.64
44145; 0.44; -0.46; -10.89; 4.23; 2.53; 120.29
44172; 0.43; -0.45; -10.94; 4.43; 2.41; 119.55
44198; 0.39; -0.46; -10.92; 4.26; 2.77; 119.73
44224; 0.43; -0.52; -10.88; 4.39; 2.78; 120.15
44251; 0.42; -0.48; -10.93; 4.35; 2.39; 119.48
44277; 0.44; -0.52; -10.98; 4.39; 2.66; 119.91
44304; 0.42; -0.45; -10.93; 4.28; 2.72; 119.91
44331; 0.46; -0.5; -10.87; 4.42; 2.69; 119.61
44357; 0.38; -0.44; -10.92; 4.23; 2.72; 120.33
44383; 0.46; -0.43; -10.83; 4.51; 2.71; 119.91
44409; 0.46; -0.41; -10.88; 4.44; 2.41; 119.4
44442; 0.45; -0.44; -10.94; 4.14; 2.63; 119.64
44469; 0.46; -0.45; -10.96; 4.16; 2.41; 120.12
44494; 0.41; -0.41; -11.03; 4.33; 2.57; 119.9
44521; 0.45; -0.48; -11.0; 4.47; 2.63; 119.74
44548; 0.4; -0.46; -10.85; 4.23; 2.64; 120.17
44574; 0.45; -0.47; -10.92; 4.54; 2.62; 119.38
44601; 0.47; -0.48; -10.94; 4.49; 2.59; 119.61
44626; 0.49; -0.48; -10.97; 4.39; 2.58; 120.13
44653; 0.44; -0.43; -11.0; 4.16; 2.58; 119.46
44680; 0.46; -0.42; -10.88; 4.15; 2.6; 119.9
44706; 0.38; -0.47; -10.99; 4.3; 2.4; 119.98
44733; 0.44; -0.45; -10.92; 4.14; 2.73; 119.63
44765; 0.45; -0.43; -10.92; 4.34; 2.62; 119.51
44791; 0.39; -0.47; -10.93; 4.18; 2.43; 119.93
44818; 0.4; -0.42; -11.02; 4.22; 2.61; 119.97
44845; 0.44; -0.41; -10.93; 4.34; 2.49; 119.69
44871; 0.4; -0.47; -10.89; 4.15; 2.63; 119.74
44898; 0.45; -0.44; -10.87; 4.13; 2.39; 120.02
44924; 0.38; -0.51; -10.92; 4.19; 2.74; 119.54
44951; 0.42; -0.5; -10.94; 4.3; 2.72; 120.11
44978; 0.43; -0.47; -10.82; 4.26; 2.75; 120.16
45004; 0.43; -0.45; -10.92; 4.2; 2.64; 119.32
45031; 0.43; -0.44; -11.03; 4.4; 2.63; 119.75
45058; 0.42; -0.47; -10.9; 4.2; 2.46; 118.41
45090; 0.49; -0.47; -10.93; 4.14; 2.33; 115.94
45116; 0.47; -0.46; -11.0; 4.08; 2.49; 114.91
45143; 0.41; -0.49; -10.89; 4.08; 2.62; 113.9
45169; 0.53; -0.44; -10.96; 4.14; 2.5; 113.02
45196; 0.42; -0.52; -10.94; 4.03; 2.2; 110.91
45221; 0.46; -0.52; -10.87; 3.97; 2.28; 110.18
45248; 0.42; -0.4; -10.87; 3.94; 2.44; 109.28
45275; 0.48; -0.42; -10.94; 3.92; 2.35; 107.82
45301; 0.43; -0.47; -10.89; 3.75; 2.21; 107.11
45328; 0.49; -0.4; -10.98; 3.78; 2.27; 105.19
45353; 0.41; -0.48; -10.97; 3.62; 1.98; 104.1
45380; 0.5; -0.46; -10.91; 3.74; 2.04; 103.88
45413; 0.49; -0.47; -10.93; 3.6; 2.18; 102.32
45438; 0.4; -0.47; -10.92; 3.54; 2.03; 100.27
45465; 0.39; -0.39; -10.98; 3.58; 1.9; 99.36
45492; 0.45; -0.47; -10.93; 3.55; 1.99; 98.57
45517; 0.49; -0.46; -10.95; 3.46; 1.79; 96.83
45544; 0.48; -0.43; -10.96; 3.4; 1.84; 95.93
45571; 0.45; -0.48; -10.9; 3.42; 1.72; 94.47
45596; 0.46; -0.49; -10.94; 3.4; 1.64; 93.63
45638; 0.47; -0.47; -10.98; 3.2; 1.53; 91.42
45665; 0.46; -0.47; -10.88; 3.07; 1.79; 90.29
45691; 0.41; -0.46; -11.01; 3.01; 1.58; 89.78
45717; 0.41; -0.45; -10.83; 3.0; 1.44; 87.84
45748; 0.47; -0.47; -10.94; 3.0; 1.37; 86.55
45774; 0.41; -0.4; -10.97; 3.14; 1.45; 85.79
45801; 0.4; -0.5; -10.97; 3.1; 1.3; 84.1
45827; 0.52; -0.47; -10.89; 2.75; 1.5; 83.68
45853; 0.47; -0.5; -10.92; 3.08; 1.21; 81.78
45880; 0.4; -0.52; -10.97; 2.98; 1.43; 80.75
45905; 0.5; -0.5; -11.0; 2.85; 1.67; 79.84
45932; 0.48; -0.52; -10.91; 2.65; 1.24; 78.35
45959; 0.45; -0.53; -10.9; 2.77; 1.11; 77.45
45984; 0.46; -0.52; -10.89; 2.75; 1.06; 75.63
46011; 0.52; -0.49; -10.91; 2.59; 1.26; 74.92
46038; 0.42; -0.45; -10.98; 2.52; 1.43; 74.02
46069; 0.42; -0.44; -10.92; 2.59; 1.01; 72.62
46096; 0.43; -0.45; -10.97; 2.33; 1.12; 70.69
46123; 0.4; -0.58; -11.08; 2.38; 1.05; 69.73
46149; 0.45; -0.45; -10.95; 2.56; 1.17; 69.25
46176; 0.45; -0.45; -10.95; 2.32; 0.94; 67.22
46202; 0.42; -0.46; -10.95; 2.21; 0.87; 66.09
46229; 0.45; -0.48; -10.94; 2.44; 0.92; 65.29
46256; 0.46; -0.5; -10.93; 2.3; 0.86; 63.64
46283; 0.41; -0.47; -11.04; 2.35; 0.95; 62.41
46310; 0.47; -0.44; -10.9; 1.86; 0.69; 61.89
46337; 0.49; -0.46; -10.98; 2.13; 0.74; 60.46
46363; 0.45; -0.44; -10.92; 2.14; 0.73; 58.91
46390; 0.4; -0.52; -10.92; 1.95; 0.6; 57.98
46422; 0.49; -0.5; -10.95; 1.84; 0.66; 56.02
46448; 0.48; -0.49; -10.92; 1.9; 0.64; 55.5
46475; 0.45; -0.49; -10.93; 1.88; 0.57; 54.05
46501; 0.48; -0.5; -10.94; 1.82; 0.7; 52.93
46528; 0.49; -0.48; -10.97; 1.86; 0.21; 51.9
46565; 0.41; -0.46; -10.94; 1.67; 0.4; 50.42
46592; 0.45; -0.55; -11.01; 1.74; 0.28; 48.57
46617; 0.41; -0.43; -10.97; 1.64; 0.13; 47.02
46644; 0.41; -0.5; -10.92; 1.65; 0.11; 47.01
46670; 0.4; -0.44; -10.88; 1.62; 0.36; 45.38
46697; 0.45; -0.49; -10.86; 1.46; 0.07; 43.68
46724; 0.48; -0.5; -10.93; 1.72; 0.27; 43.34
46756; 0.41; -0.51; -10.96; 1.43; 0.18; 41.85
46783; 0.47; -0.48; -10.92; 1.42; -0.17; 40.43
46809; 0.44; -0.49; -10.91; 1.29; 0.19; 38.57
46835; 0.41; -0.47; -10.9; 1.18; 0.06; 37.9
46862; 0.44; -0.45; -10.95; 1.25; 0.12; 36.96
46888; 0.41; -0.44; -10.94; 1.24; -0.14; 35.27
46915; 0.43; -0.5; -10.95; 1.14; -0.28; 34.42
46942; 0.35; -0.48; -11.06; 0.94; -0.06; 33.0
46968; 0.45; -0.46; -10.93; 1.01; -0.14; 31.76
46995; 0.52; -0.5; -11.0; 0.78; -0.42; 31.33
47022; 0.43; -0.52; -10.91; 0.96; -0.25; 29.49
47048; 0.43; -0.47; -10.92; 0.9; -0.28; 27.98
47080; 0.45; -0.52; -10.94; 0.71; -0.28; 26.47
47107; 0.46; -0.52; -10.91; 0.82; -0.53; 25.92
47133; 0.42; -0.48; -10.94; 0.82; -0.49; 24.7
47160; 0.47; -0.5; -10.99; 0.72; -0.45; 22.77
47186; 0.43; -0.44; -10.98; 0.8; -0.63; 22.54
47213; 0.42; -0.5; -10.96; 0.67; -0.65; 20.97
47240; 0.47; -0.43; -10.89; 0.75; -0.66; 19.46
47265; 0.46; -0.5; -10.88; 0.6; -0.66; 18.62
47292; 0.45; -0.49; -10.95; 0.56; -0.69; 17.2
47319; 0.49; -0.48; -10.9; 0.42; -0.6; 15.91
47345; 0.4; -0.46; -10.92; 0.64; -0.72; 15.17
47372; 0.45; -0.45; -10.8; 0.34; -0.71; 13.75
47405; 0.39; -0.49; -10.94; 0.27; -0.74; 12.44
47431; 0.51; -0.48; -10.86; 0.38; -0.87; 10.8
47458; 0.44; -0.45; -10.94; 0.36; -0.83; 10.0
47484; 0.44; -0.51; -10.99; 0.26; -0.77; 8.89
47511; 0.4; -0.49; -10.9; 0.05; -0.77; 7.29
47538; 0.47; -0.47; -10.97; 0.2; -0.94; 6.42
47564; 0.43; -0.48; -10.95; 0.28; -1.17; 5.49
47591; 0.39; -0.45; -10.9; -0.09; -1.16; 3.43
47618; 0.41; -0.52; -10.96; -0.03; -1.14; 2.78
47644; 0.44; -0.53; -10.88; 0.0; -1.17; 1.88
47671; 0.47; -0.47; -10.95; -0.08; -1.21; 0.04
47697; 0.35; -0.48; -10.92; -0.08; -1.19; -0.31
47729; 0.47; -0.46; -10.98; -0.19; -1.03; -0.26
47756; 0.44; -0.45; -10.94; -0.4; -1.19; 0.21
47782; 0.47; -0.5; -10.95; -0.23; -1.22; 0.06
47809; 0.47; -0.46; -10.91; -0.27; -1.12; -0.21
47836; 0.55; -0.43; -11.01; -0.11; -1.12; 0.27
47862; 0.51; -0.51; -10.95; -0.11; -1.2; -0.04
47889; 0.48; -0.46; -10.96; -0.14; -1.14; -0.15
47916; 0.44; -0.49; -10.92; -0.14; -1.27; 0.4
47941; 0.46; -0.53; -10.91; -0.22; -1.19; -0.02
47968; 0.42; -0.49; -10.91; -0.16; -1.33; -0.14
47994; 0.45; -0.49; -10.96; -0.23; -1.08; 0.41
48027; 0.47; -0.52; -10.95; -0.22; -1.12; 0.27
48054; 0.43; -0.49; -10.94; -0.13; -1.13; -0.08
48080; 0.47; -0.47; -10.93; -0.25; -1.14; -0.15
48106; 0.42; -0.48; -10.91; -0.25; -1.17; 0.4
48133; 0.47; -0.49; -10.85; -0.18; -1.17; 0.08
48159; 0.47; -0.45; -10.94; -0.05; -1.11; -0.15
48186; 0.44; -0.47; -10.93; -0.19; -1.11; 0.42
48212; 0.47; -0.5; -11.0; -0.18; -1.21; -0.29
48239; 0.5; -0.5; -11.04; -0.28; -1.19; -0.21
48266; 0.46; -0.44; -11.02; -0.06; -1.11; 0.4
48291; 0.43; -0.45; -10.99; -0.08; -1.21; -0.29
48318; 0.5; -0.5; -10.95; -0.19; -1.21; 0.18
48351; 0.47; -0.47; -10.93; -0.04; -1.18; 0.0
48377; 0.48; -0.43; -10.87; -0.08; -1.12; 0.2
48403; 0.49; -0.47; -10.96; -0.18; -1.12; -0.18
48430; 0.45; -0.48; -10.92; -0.11; -1.26; 0.18
48456; 0.48; -0.51; -10.94; 0.02; -1.04; 0.4
48483; 0.46; -0.48; -10.99; -0.08; -1.27; -0.39
48509; 0.41; -0.41; -10.96; -0.08; -1.01; 0.14
48536; 0.44; -0.51; -10.93; -0.24; -1.26; 0.18
48563; 0.46; -0.49; -10.99; 0.04; -1.2; -0.27
48588; 0.44; -0.47; -10.98; 0.08; -1.18; 0.4
48615; 0.46; -0.47; -10.95; -0.12; -1.18; -0.01
48642; 0.38; -0.49; -10.95; -0.25; -1.13; -0.04
48674; 0.41; -0.44; -11.01; -0.13; -1.21; -0.38
48716; 0.39; -0.27; -11.3; -0.54; -1.22; -0.63
48743; 0.52; -0.57; -10.75; -0.34; -1.29; -0.56
48770; 0.42; -0.5; -10.97; 0.07; -1.21; 0.21
48796; 0.48; -0.5; -10.94; -0.21; -1.34; 0.52
48823; 0.48; -0.52; -10.99; -0.11; -1.14; -0.24
48849; 0.43; -0.48; -11.0; -0.28; -1.32; -0.58
48876; 0.49; -0.48; -10.93; -0.11; -1.31; 0.53
48903; 0.48; -0.48; -10.98; -0.24; -1.22; 0.07
48929; 0.47; -0.42; -10.91; -0.02; -1.37; -0.45
48956; 0.49; -0.5; -11.04; -0.15; -1.4; 0.15
48983; 0.46; -0.52; -11.08; -0.23; -1.11; 0.14
49015; 0.42; -0.52; -10.86; -0.13; -1.22; 0.26
49041; 0.51; -0.5; -10.91; -0.07; -1.04; -0.21
49068; 0.46; -0.46; -10.98; -0.05; -1.23; -0.03
49094; 0.42; -0.48; -11.02; -0.03; -1.17; 0.22
49121; 0.46; -0.45; -10.94; 0.0; -1.1; -0.18
49147; 0.46; -0.5; -10.96; -0.14; -1.26; 0.34
49174; 0.5; -0.47; -11.04; -0.13; -1.24; -0.01
49200; 0.44; -0.49; -10.93; -0.12; -1.1; -0.24
49226; 0.44; -0.47; -10.84; -0.02; -1.43; 0.41
49253; 0.47; -0.49; -10.9; -0.1; -1.34; 0.08
49280; 0.48; -0.51; -10.96; -0.21; -1.23; -0.18
49306; 0.45; -0.47; -10.89; -0.02; -1.3; 0.31
49338; 0.46; -0.52; -10.9; -0.07; -1.16; 0.36
49364; 0.49; -0.49; -10.96; -0.11; -0.99; 0.14
49391; 0.46; -0.49; -10.9; 0.01; -1.16; -0.26
49418; 0.4; -0.49; -10.98; -0.13; -1.22; 0.63
49444; 0.45; -0.46; -10.91; -0.11; -1.15; 0.03
49470; 0.46; -0.49; -10.9; -0.18; -1.21; -0.1
49497; 0.46; -0.47; -10.98; -0.27; -1.44; 0.3
49523; 0.46; -0.48; -10.95; -0.03; -1.28; -0.23
49550; 0.33; -0.46; -10.89; -0.21; -0.94; 0.08
49576; 0.44; -0.5; -10.94; -0.13; -1.11; 0.04
49603; 0.45; -0.46; -10.95; -0.3; -1.21; -0.18
49635; 0.45; -0.46; -10.97; 0.03; -1.29; -0.22
49661; 0.37; -0.47; -10.9; -0.03; -1.14; 0.29
49688; 0.43; -0.49; -10.96; -0.27; -1.17; 0.06
49715; 0.42; -0.51; -10.95; 0.02; -1.21; -0.14
49740; 0.4; -0.5; -10.94; -0.21; -1.21; 0.31
49767; 0.43; -0.48; -10.88; -0.15; -1.17; 0.09
49804; 0.45; -0.47; -10.96; -0.12; -1.31; -0.02
49830; 0.46; -0.47; -10.9; -0.05; -1.21; -0.24
49857; 0.46; -0.46; -10.82; -0.14; -1.28; 0.32
49883; 0.46; -0.45; -10.92; -0.09; -1.14; 0.31
49909; 0.42; -0.45; -10.86; -0.05; -0.94; -0.43
49936; 0.41; -0.58; -10.95; -0.31; -0.72; 0.25
49969; 0.51; -0.58; -10.78; 1.17; 0.43; 0.4
49994; 0.36; -1.19; -10.04; 0.4; -2.42; -0.05
50021; 0.27; -0.48; -11.03; 0.13; -3.46; -0.53
50048; 0.36; -0.45; -10.97; -0.32; -0.55; 0.08
50074; 0.42; -0.51; -10.9; -0.05; -0.71; 0.17
50101; 0.74; -0.66; -11.02; 0.43; -0.02; -0.16
50127; 0.31; -0.35; -10.87; 0.47; -0.72; 0.24
50154; 0.4; -0.49; -10.88; -0.61; -1.88; 0.15
50181; 0.39; -0.53; -10.93; -0.78; -1.61; -0.24
50207; 0.37; -0.56; -10.94; 0.14; 1.13; 0.19
50234; 0.42; -0.42; -10.98; 0.13; 0.29; 0.28
50260; 0.48; -0.6; -11.09; -0.6; 0.04; -0.63
50292; 0.49; -0.51; -10.89; -0.02; -1.68; -0.45
50319; 0.49; -0.49; -10.89; -0.22; -2.27; 0.1
50345; 0.44; -0.46; -10.95; -0.29; -0.37; 0.2
50372; 0.49; -0.45; -10.92; -0.36; -0.4; -2.35
50399; 0.49; -0.48; -10.96; 0.18; -1.23; 0.43
50424; 0.52; -0.46; -10.89; 0.14; -2.61; 1.04
